gstr2b_id,vendor_gstin,invoice_number,invoice_date,taxable_value,cgst,sgst,igst,itc_available,filing_period
d17d3fc9-2621-4ed1-994b-80e1ced0802e,32MIZGW1045V1Z9,INV-41771,2026-01-26,109075.53,0.0,0.0,13089.06,13089.06,2026-01
43404b54-e242-4753-9f14-fd975d9c9904,33MHMKR7789T9Z1,TX-58800,2026-01-02,36630.5,0.0,0.0,6593.49,6593.49,2026-01
e5d74f85-3b28-4814-ab82-35f45f03dcd2,19BHZYV0269B6ZF,RE-59915,2026-01-17,196469.19,0.0,0.0,9823.46,9823.46,2026-02
cc7ff6f3-449a-486f-a59c-1ecb53ca5456,07IAKFV1961W5ZW,TX-00206,2026-04-01,14887.15,0.0,0.0,744.36,744.36,2026-05
051145ca-b405-4e84-a5f9-07ee271d5766,07TREUM7749S6ZK,RE-66536,2026-05-22,17127.1,0.0,0.0,856.36,856.36,2026-06
9906d99a-49f3-42fb-a133-647c0505563c,33WJOCH2457T9Z1,INV/26-27/17676,2026-01-17,1311.8,32.8,32.8,0.0,65.6,2026-01
36eb298b-0b49-47e4-966a-503ed6d95c01,33KYRXQ3502N6ZT,TX-78965,2026-02-16,16645.66,1498.11,1498.11,0.0,2996.22,2026-02
02ed516e-e003-4811-bbec-1d21626c7a5b,24YFPVG6368Z1ZM,TX-46078,2026-04-25,80546.33,0.0,0.0,22552.97,22552.97,2026-05
fca070fa-52ba-41cf-a7a7-7664c715ba86,19LYXQR1956K7ZI,TX-47620,2026-05-12,3812.56,0.0,0.0,1067.52,1067.52,2026-05
7d6d5574-7b75-4737-88f3-0492bca60517,33JJHSA8308Y1ZV,TX-74350,2026-01-09,8167.22,0.0,0.0,980.07,980.07,2026-01
ff9c637e-544b-4450-94e0-d2e837d3742f,09SSLRY7669N2ZY,INV-03397,2026-02-17,14606.6,0.0,0.0,2629.19,2629.19,2026-01
7f42c63f-2ce8-499d-a226-5e36d3a8b760,24OUECW6291O5ZT,INV-72090,2026-05-19,15232.62,0.0,0.0,1827.91,1827.91,2026-05
e78eb02a-0f74-4f3a-888c-ac283d7e9c3f,32QMUCF6354Q6ZR,INV/26-27/31030,2026-05-07,29620.43,0.0,0.0,3554.45,3554.45,2026-06
393214e6-ef14-4529-8233-2f858a027665,32JTGJQ3646R6ZE,TX-68904,2026-04-16,17998.88,0.0,0.0,3239.8,3239.8,2026-04
6e093be9-1b97-4129-a176-35b6e9c02f80,19IYITE9127Q9ZX,INV/26-27/16913,2026-04-21,26200.98,0.0,0.0,3144.12,3144.12,2026-04
d21aefb7-877d-4903-86d4-f79b3a1f90e8,29KTLLC3446J2ZP,QT-10337,2026-03-06,90656.0,0.0,0.0,16318.08,16318.08,2026-04
feedd01f-a601-45a1-a98c-4266beb1e7c3,33KYRXQ3502N6ZT,INV-84077,2026-05-28,6176.91,0.0,0.0,308.85,308.85,2026-06
46a940c9-bb97-463c-94f5-2aa6727b62b9,24VZGOJ9588I7ZL,TX-32097,2026-04-14,19514.89,0.0,0.0,2341.79,2341.79,2026-05
12753b26-ba00-43bf-874b-42cd8483e637,24OUECW6291O5ZT,TX-17140,2026-04-05,8525.48,0.0,0.0,426.27,426.27,2026-04
88cde57f-22ff-41aa-a203-018b49de9c2e,24UWVGU1882O6ZJ,QT-50352,2026-04-18,64423.99,0.0,0.0,11596.32,11596.32,2026-05
05861a93-21f5-4146-b1fb-03e427823429,27AHFDG3071M9ZE,TX-65374,2026-03-20,6180.17,0.0,0.0,1730.45,1730.45,2026-03
2e255e24-708a-4aa8-ae38-345c69a5d13c,09OQIDS9990V7ZW,QT-06378,2026-01-13,89018.61,0.0,0.0,24925.21,24925.21,2026-02
2ef3d34f-53e1-497a-a3db-92a8c8acbb9f,32CBLIG0985A5Z2,QT-52856,2026-04-04,3014.8,0.0,0.0,542.66,542.66,2026-05
59b114ba-b096-4fac-b06d-16bb8dadf378,29MXBCP0265K7ZX,RE-36664,2026-01-31,6603.55,0.0,0.0,1188.64,1188.64,2026-02
c9651952-9cad-4855-b77f-2c68727dbe18,32QMUCF6354Q6ZR,RE-66732,2026-04-13,12924.51,0.0,0.0,3618.86,3618.86,2026-04
5458870a-8e1b-4357-a52d-ecef37025320,19WWLNL7461P5ZL,RE-41751,2026-02-11,113974.22,0.0,0.0,20515.36,20515.36,2026-02
85de3b0d-9c36-453a-a119-4543c7720fb4,07BSZNP3937V1ZL,QT-62246,2026-01-05,57977.12,0.0,0.0,2898.86,2898.86,2026-01
63172cba-1281-4abb-8d95-f9542a1dc8f7,29OKGWZ6106L5ZP,INV/26-27/94556,2026-01-14,3990.16,0.0,0.0,1117.24,1117.24,2026-01
38f89d55-d22a-430a-92d7-26f6ca9ad4df,29OKGWZ6106L5ZP,INV-25007,2026-01-05,18679.44,0.0,0.0,2241.53,2241.53,2026-01
64262f3d-333d-433b-9dc6-1306a1ced676,27RKHBU3568K1Z7,INV/26-27/67985,2026-02-23,20788.18,0.0,0.0,3741.87,3741.87,2026-01
f1b2ddc6-ff15-439d-ad28-4696645524b8,07VUDGQ8518D5Z5,TX-25201,2026-03-05,96930.58,0.0,0.0,27140.56,27140.56,2026-04
9286ef67-9b91-4727-be64-eb055296f953,33NQMLB2128P2Z1,INV-75167,2026-05-20,13554.07,0.0,0.0,677.7,677.7,2026-05
f6d9b972-46f7-4916-aade-3cbc8b11be2b,33WJOCH2457T9Z1,INV/26-27/26486,2026-05-18,29592.7,0.0,0.0,1479.64,1479.64,2026-06
77b604cf-1c2a-488b-8752-8fdd95bf3e2d,24UWVGU1882O6ZJ,RE-29580,2026-03-01,13207.33,0.0,0.0,660.37,660.37,2026-05
a2d7592e-a82c-4fb0-b213-5ad582fd8d4b,29OFSTE6718J2Z1,TX-85576,2026-05-02,8780.84,0.0,0.0,439.04,439.04,2026-06
c26fead0-2ab6-40c0-9cd7-e9f92b19588b,24MLHTC4264V5Z2,TX-35762,2026-02-19,6793.12,0.0,0.0,1222.76,1222.76,2026-03
b71f449d-09bc-4547-8e99-1f1ed507b8fc,07IAKFV1961W5ZW,RE-88396,2026-02-19,99582.95,0.0,0.0,4979.15,4979.15,2026-03
594fe2e8-6341-4856-821d-f1d971ddbbeb,33WJOCH2457T9Z1,QT-32513,2026-01-02,2721.44,0.0,0.0,489.86,489.86,2026-02
6f4139e0-0ab6-4be9-a408-be479d5df668,32CBLIG0985A5Z2,QT-90803,2026-03-02,7992.12,0.0,0.0,2237.79,2237.79,2026-03
8e4a1873-898c-4a20-9c0f-8375733a8635,09LSGIX0131G2ZQ,QT-48175,2026-02-26,10190.32,0.0,0.0,1834.26,1834.26,2026-03
63fe1082-5947-430d-9ed6-f29342c9c145,07BQNFU3961D3ZG,INV/26-27/99859,2026-03-05,62796.59,0.0,0.0,17583.05,17583.05,2026-03
c8350600-c005-4c3a-8c72-16bfb9d25154,32PSNVO8742H5ZX,INV-71782,2026-05-10,27182.62,3805.57,3805.57,0.0,7611.14,2026-06
258c0112-c8fc-466d-915d-14cff253828c,27ESIIA8541U1Z5,INV-66896,2026-04-25,20395.1,0.0,0.0,5710.63,5710.63,2026-04
5241c604-b6bc-4f4a-a726-ade622cba9e2,29YDDCO2672U5ZW,TX-33353,2026-01-01,29403.29,2646.3,2646.3,0.0,5292.6,2025-12
e466b863-3222-4812-b75a-5189ab2a0903,09APIUL9181B7Z0,TX-04160,2026-03-15,264226.38,0.0,0.0,73983.39,73983.39,2026-03
b0e56df1-8d25-4b9c-8081-f7fddc13ff82,07CHTED5959F5ZU,TX-10519,2026-05-19,57614.61,0.0,0.0,16132.09,16132.09,2026-06
f12aa63f-3b14-4188-a206-ecfd5a7f8efc,19YFSGK6237C1ZT,INV-39108,2026-04-29,30196.4,0.0,0.0,3623.57,3623.57,2026-04
60c4441e-df92-44e9-8d3a-613a07319a57,19EFUIW7209C4ZQ,INV-04223,2026-04-18,14011.17,0.0,0.0,700.56,700.56,2026-04
03b50788-bc33-4b22-83ef-0d8569c83099,09SSLRY7669N2ZY,INV-52726,2026-04-23,3941.91,0.0,0.0,709.54,709.54,2026-05
60b25d79-1e29-4752-a993-8ec9cfbea688,33OGUBT7836U3ZV,RE-78371,2026-03-24,26758.29,0.0,0.0,4816.49,4816.49,2026-04
97f27b98-2037-4cee-87a7-2502c9964b2e,29VOPVG7752E3ZY,RE-64963,2026-01-13,58902.46,0.0,0.0,16492.69,16492.69,2026-01
cfb86318-46f2-4c47-bfcf-849b393dee01,07BQNFU3961D3ZG,TX-31585,2026-02-27,224171.15,0.0,0.0,11208.56,11208.56,2026-02
1ceaefb8-3e66-472a-ab9f-575daca9e07d,07BQNFU3961D3ZG,INV/26-27/6756,2026-03-10,31100.88,777.52,777.52,0.0,1555.04,2026-03
7059f4e0-ae26-4ed5-8e8b-78aa5722729a,29VHJHS1002E8Z6,TX-27380,2026-03-27,72274.6,0.0,0.0,8672.95,8672.95,2026-03
54e415d3-cc32-47c3-b7c0-38e62a6f72a4,33WJOCH2457T9Z1,INV/26-27/91178,2026-02-22,11259.54,0.0,0.0,2026.72,2026.72,2026-02
64f91d7c-6ab7-4be3-9b14-5baed647aa14,27HHPZM1535R7ZT,QT-47140,2026-05-12,17414.8,2438.07,2438.07,0.0,4876.14,2026-06
b32d55f3-c188-4af0-a096-bc642a87eb93,19FEGTT6106B5ZS,QT-54255,2026-01-12,12684.94,0.0,0.0,2283.29,2283.29,2026-01
4e7583c9-a02b-4af1-9bf2-60605b3d38c7,07IAKFV1961W5ZW,INV/26-27/25716,2026-03-26,30045.76,0.0,0.0,5408.24,5408.24,2026-04
c381b9e8-6d25-48c1-adc7-d4973e8fa7a8,24CSWQT7242K8ZP,INV/26-27/96046,2026-04-01,60257.19,0.0,0.0,3012.86,3012.86,2026-05
c70ba816-2806-4a91-a030-5a3cee2af81d,24UWVGU1882O6ZJ,INV-54054,2026-02-05,3759.14,0.0,0.0,187.96,187.96,2026-02
1f8e6759-667d-4b3d-b1e3-d3767c84539f,32XDLYF4300Q6ZF,RE-63335,2026-05-05,27796.12,0.0,0.0,1389.81,1389.81,2026-06
0db3772d-d7e6-4f36-a835-9c11e5d03587,29YDDCO2672U5ZW,RE-91470,2026-04-21,6507.69,585.69,585.69,0.0,1171.38,2026-04
7949c2a1-8598-4361-b6f0-ac9c4f626205,32XHKDY3408E7ZT,TX-74056,2026-03-04,4162.28,0.0,0.0,208.11,208.11,2026-02
ae9d5e90-b38c-452d-984e-6d404027e23a,33NUYTR2660Y4ZJ,TX-49711,2026-04-07,6421.34,0.0,0.0,1797.98,1797.98,2026-04
9eaff50b-1445-4315-8604-d50067b2e53b,07UQVXC8255M5ZL,INV-30116,2026-02-24,61929.22,0.0,0.0,11147.26,11147.26,2026-02
1b3e492d-b5f2-450b-baac-45e39a534770,07TREUM7749S6ZK,RE-86260,2026-01-09,9392.91,0.0,0.0,2630.01,2630.01,2026-02
d029a5e0-5353-4cf9-9daa-8017d9740dd7,29WWWJI7780C4ZI,TX-99040,2026-02-05,37906.85,0.0,0.0,6823.23,6823.23,2026-02
7ebc175d-c810-4f01-a71e-caed7ffeb100,24ZTSCE2030L6ZR,RE-80461,2026-04-12,9349.67,0.0,0.0,2617.91,2617.91,2026-04
6f5d180e-74fd-48fb-bb5a-41c12d5fc419,29RAAUG3107Q2Z4,INV/26-27/89089,2026-05-30,2653.57,0.0,0.0,318.43,318.43,2026-06
0f3b79e1-f405-4b7b-8563-38fd6b9de021,07CHTED5959F5ZU,INV/26-27/96949,2026-04-10,13404.55,0.0,0.0,2412.82,2412.82,2026-04
633b413d-c8bb-4e67-805a-8b16c6cdcf60,29MXBCP0265K7ZX,RE-72711,2026-05-12,5489.11,0.0,0.0,274.46,274.46,2026-05
af52c67b-32e9-4974-a718-1efe6203b3e5,29NNDJB2245J9Z0,QT-54239,2026-04-10,71031.07,0.0,0.0,8523.73,8523.73,2026-04
588b3a19-dcb7-4497-b232-7458ab071c74,24YFPVG6368Z1ZM,INV/26-27/35248,2026-03-19,10350.23,931.52,931.52,0.0,1863.04,2026-04
747c77bc-311f-42c3-a572-e3b34a165539,33JJHSA8308Y1ZV,QT-32322,2026-05-07,12310.02,0.0,0.0,2215.8,2215.8,2026-05
12dc9c4b-e504-4431-a89b-de8002738067,07CHTED5959F5ZU,QT-57701,2026-03-27,167481.28,0.0,0.0,20097.75,20097.75,2026-03
629636d4-6c88-40d6-93d7-f30eeead6c5b,33WJOCH2457T9Z1,QT-23284,2026-04-12,6078.72,0.0,0.0,1702.04,1702.04,2026-04
8d2a2941-aba4-46e5-9a3b-f9d9d80bbffe,19WWLNL7461P5ZL,TX-36740,2026-04-11,75475.02,0.0,0.0,9057.0,9057.0,2026-03
90de7f5f-8cc5-4641-856c-fca482176130,19SHGDF1571G8ZH,TX-38186,2026-01-18,69571.46,0.0,0.0,19480.01,19480.01,2026-01
c6af6208-73b8-4d88-b234-afb2172be2b8,27TBYFB9002A3ZF,TX-49413,2026-01-19,40239.41,0.0,0.0,11267.03,11267.03,2026-01
355a0186-4f90-448b-8f66-2f54f067902d,07BQNFU3961D3ZG,RE-83648,2026-01-22,5389.32,0.0,0.0,646.72,646.72,2026-02
26588df8-c836-44db-bf77-535720c60301,29WWWJI7780C4ZI,TX-13887,2026-01-03,2589.62,0.0,0.0,310.75,310.75,2026-02
f9297232-c5f8-4bab-ba52-0500fe106b30,24MLHTC4264V5Z2,INV/26-27/45216,2026-01-07,51382.22,0.0,0.0,9248.8,9248.8,2026-01
a40591cc-b835-4f07-91e1-060fd11f4936,29YDDCO2672U5ZW,QT-84931,2026-01-28,13113.61,0.0,0.0,1573.63,1573.63,2026-01
7b7f95a8-5e0a-47d8-8abc-b691aaf367c0,29ZDTPU2544S7ZJ,TX-82544,2026-02-17,42437.49,0.0,0.0,5092.5,5092.5,2026-03
ca4a00d6-2a2a-4f64-ab0a-76d561c13f5a,29VHJHS1002E8Z6,INV/26-27/36484,2026-01-17,94028.75,8462.59,8462.59,0.0,16925.18,2026-01
5759eab0-b625-4886-a2f2-c12b106f2bd2,27ESIIA8541U1Z5,RE-83770,2026-03-22,43253.46,0.0,0.0,7785.62,7785.62,2026-03
2eb49ee4-31e2-41b2-88c5-abb84a7eef56,24VZGOJ9588I7ZL,RE-77355,2026-01-22,14986.72,0.0,0.0,749.34,749.34,2026-01
0ddaa823-b0b8-47a5-9218-aab02b036172,29MBTFR6385C7Z0,TX-78175,2026-02-05,18239.75,0.0,0.0,2188.77,2188.77,2026-02
89a95f4a-b42d-4781-9b7c-10d849426a1c,24MLHTC4264V5Z2,TX-53627,2026-05-06,97586.64,0.0,0.0,4879.33,4879.33,2026-05
66d366d0-04ef-4e89-8937-bc867078db1a,07IAKFV1961W5ZW,INV-36026,2026-02-27,7054.08,0.0,0.0,1975.14,1975.14,2026-02
66710003-3b8c-497f-97d1-a5af6654fb88,32XEPQM0336F6ZQ,RE-48086,2026-05-19,51884.31,0.0,0.0,2594.22,2594.22,2026-05
c933cf37-97a0-4f94-89c1-4329b44b8cbb,19NCNYB7854A1ZU,INV-31057,2026-02-23,32818.14,0.0,0.0,9189.08,9189.08,2026-02
a1f3c939-a984-434a-a6ff-4ccf34a2f05a,19SHGDF1571G8ZH,INV-74721,2026-03-31,31563.78,0.0,0.0,5681.48,5681.48,2026-03
ed08735b-7be1-423e-bff7-315f597ede4a,07AGMWB4616P7ZF,INV/26-27/98317,2026-04-16,4164.85,0.0,0.0,499.78,499.78,2026-03
0d921bde-ae61-49d4-9d48-714425762df1,29QDMBJ2373Y7ZG,RE-82891,2026-03-10,18807.95,0.0,0.0,940.4,940.4,2026-03
fbbe8588-f5c9-4ee7-a1d6-2f5863dd86e1,24CSWQT7242K8ZP,TX-42899,2026-05-29,205143.64,0.0,0.0,57440.22,57440.22,2026-06
3d236208-8933-4331-90b7-40a991384cc2,07BQNFU3961D3ZG,TX-28552,2026-04-20,24438.92,2199.5,2199.5,0.0,4399.0,2026-04
1eeb0170-de8b-4a58-b347-ac419c5c15e7,27ESIIA8541U1Z5,QT-89464,2026-01-13,121868.4,0.0,0.0,6093.42,6093.42,2026-02
0a034111-86e2-4d5c-8262-0c6a385b4819,24CSWQT7242K8ZP,INV-56073,2026-02-21,1000.0,0.0,0.0,180.0,180.0,2026-02
15b60427-ae19-4451-b0d9-2dc8c2434c96,19FEGTT6106B5ZS,INV/26-27/6788,2026-04-12,166156.85,0.0,0.0,46523.92,46523.92,2026-03
fce0fa47-8d4f-4a1e-be08-54329ad41c99,29VHJHS1002E8Z6,TX-10216,2026-02-03,26692.35,667.31,667.31,0.0,1334.62,2026-01
24209332-c8ae-458d-9855-ff4328ac4637,32KFKXP6873A6ZJ,TX-09284,2026-02-28,42161.75,0.0,0.0,7589.11,7589.11,2026-02
39577585-c3df-41e5-949f-dbc2b4025012,33MHMKR7789T9Z1,INV/26-27/8967,2026-05-16,32587.92,0.0,0.0,5865.83,5865.83,2026-04
1e149737-a652-4146-af4a-6b2ff5116101,07XRVQY2624H6Z6,RE-89990,2026-04-24,88100.02,0.0,0.0,24668.01,24668.01,2026-04
2a2a101c-7147-4372-9f1e-50d6dbe62373,09SSLRY7669N2ZY,QT-84492,2026-01-22,52350.32,4711.53,4711.53,0.0,9423.06,2026-01
b6f2714a-b496-4cdc-a717-75bd5ca51239,19SHGDF1571G8ZH,RE-79552,2026-05-11,13229.34,0.0,0.0,1587.52,1587.52,2026-06
4b430b03-cf8e-4f24-a9eb-9223de5e3b41,07PEESQ9703X4ZS,INV-69244,2026-01-04,138818.43,0.0,0.0,24987.32,24987.32,2026-01
1cb4b881-951d-4694-9168-7d266677e003,19LYXQR1956K7ZI,INV-76987,2026-01-18,115181.9,10366.37,10366.37,0.0,20732.74,2026-02
d9afb87d-68c7-40b4-8cb2-7ee18385b294,29VOPVG7752E3ZY,TX-10804,2026-05-18,10483.92,0.0,0.0,524.2,524.2,2026-05
5ce7ac49-10ea-4204-a938-bf9575af01b7,27RKHBU3568K1Z7,INV/26-27/11301,2026-04-22,31718.02,0.0,0.0,3806.16,3806.16,2026-05
8e6846a5-4eb7-4ad2-a763-e25cc0060cee,29OFSTE6718J2Z1,TX-45444,2026-05-14,60856.97,5477.13,5477.13,0.0,10954.26,2026-05
898a5875-24bf-4d86-93a7-f45a0ddee984,09LSGIX0131G2ZQ,INV-43911,2026-04-20,29465.48,0.0,0.0,8250.33,8250.33,2026-05
08a213bd-9d0f-470c-b2eb-45c8c104837c,24YFPVG6368Z1ZM,QT-20619,2026-03-07,299735.78,0.0,0.0,14986.79,14986.79,2026-03
ae3f1f30-f772-4b6a-a0cb-8e018f2182fd,29NNDJB2245J9Z0,INV/26-27/6027,2026-05-01,71229.02,0.0,0.0,3561.45,3561.45,2026-05
addfe582-7c43-47f6-a009-b0fc34b2a2f6,32MIZGW1045V1Z9,QT-32541,2026-04-17,2950.26,0.0,0.0,531.05,531.05,2026-04
8afafeb2-d97f-490b-a1a6-adaa11eb608d,19BQAKM4384E7ZB,INV/26-27/67604,2026-01-12,4726.66,0.0,0.0,850.8,850.8,2026-02
3b98131e-5ef9-4d9f-9d3d-0c43f41caec8,29MQUPJ0403J2Z5,TX-01045,2026-04-05,29992.52,0.0,0.0,3599.1,3599.1,2026-05
994514f0-5350-43b0-9fed-c9f44d21c923,32QMUCF6354Q6ZR,RE-99678,2026-03-04,31411.36,0.0,0.0,1570.57,1570.57,2026-04
3f0f565a-e01c-4c15-9fbf-3950b3199e35,07CHTED5959F5ZU,QT-13625,2026-02-22,8594.54,0.0,0.0,429.73,429.73,2026-02
5bdb2bf3-fac4-441f-acc0-9757e3caf543,09RKTAC2178A9ZT,INV-05755,2026-03-01,28452.0,2560.68,2560.68,0.0,5121.36,2026-03
0310cdab-169f-4879-bada-538e3254fced,07AGMWB4616P7ZF,RE-17500,2026-04-11,31796.26,0.0,0.0,3815.55,3815.55,2026-05
ae8b03e6-08f8-4af6-bbe1-d49a49a7832b,32JTGJQ3646R6ZE,QT-41689,2026-04-26,8281.86,0.0,0.0,414.09,414.09,2026-05
c9d0fc95-9ca8-4a50-9156-8f44ff277149,33OGUBT7836U3ZV,TX-15826,2026-05-18,68555.68,9597.8,9597.8,0.0,19195.6,2026-05
64bb1345-f823-49d8-955e-4259895f437b,24VZGOJ9588I7ZL,RE-05287,2026-02-25,16813.02,0.0,0.0,2017.56,2017.56,2026-02
ef00c9e7-45e4-42d7-ac9e-1ab1c126c85e,27AHFDG3071M9ZE,INV-88760,2026-03-18,17338.85,0.0,0.0,2080.66,2080.66,2026-04
6557151a-8213-451f-9b0e-c2cd7a5422bf,09LSGIX0131G2ZQ,INV-08084,2026-02-26,71785.09,1794.63,1794.63,0.0,3589.26,2026-03
85b303f3-ddef-4c0c-ab5a-a4480b7d01d1,29YDDCO2672U5ZW,INV-25920,2026-04-24,51260.65,0.0,0.0,14352.98,14352.98,2026-04
45ba3df1-b7ef-4de9-b8ad-9deaa10b017c,32JTGJQ3646R6ZE,TX-03865,2026-04-08,10532.9,0.0,0.0,1263.95,1263.95,2026-04
4a7254d7-48bc-48f2-9477-d14b18c9b1f4,07OVPDD3878L4ZF,RE-81157,2026-03-04,24356.03,0.0,0.0,6819.69,6819.69,2026-03
6703476e-7d3b-4b32-938f-12ea2b0b279e,19BHZYV0269B6ZF,INV/26-27/84234,2026-05-15,5005.06,0.0,0.0,900.91,900.91,2026-06
81ef6467-df47-482b-b328-578ea147618d,07BSZNP3937V1ZL,RE-42154,2026-04-10,2352.24,0.0,0.0,658.63,658.63,2026-05
b8ae508a-f5fe-464b-b650-5d27e954558b,29OFSTE6718J2Z1,INV-32488,2026-03-03,64144.16,0.0,0.0,7697.3,7697.3,2026-04
1bfbd5c9-902d-4999-8483-2ae4bc8eaa30,07TREUM7749S6ZK,QT-23011,2026-05-06,2588.25,0.0,0.0,129.41,129.41,2026-06
416fef7d-184f-41cc-8d2d-80cfcc0db321,32KFKXP6873A6ZJ,QT-93971,2026-02-15,70814.31,0.0,0.0,3540.72,3540.72,2026-02
2e95be62-228d-4136-b52e-98a58ecf9a10,32PSNVO8742H5ZX,RE-47827,2026-01-19,111883.53,0.0,0.0,5594.18,5594.18,2026-01
b13f0b3e-338e-44f9-a90b-80b4fb004a4b,29RAAUG3107Q2Z4,TX-85090,2026-03-23,6209.95,0.0,0.0,745.19,745.19,2026-04
4a98f2b7-9796-4c24-ba66-00ad2d999393,32KFKXP6873A6ZJ,INV/26-27/95530,2026-01-01,113352.34,0.0,0.0,5667.62,5667.62,2026-01
d4a6fddc-a9e6-47a0-9b83-bf9151ba4947,32MIZGW1045V1Z9,RE-13646,2026-05-08,48185.84,0.0,0.0,8673.45,8673.45,2026-06
c58dbdda-eb6a-4be1-82a2-e38d7fc9ca62,29WWWJI7780C4ZI,TX-01494,2026-03-09,45810.41,0.0,0.0,2290.52,2290.52,2026-05
733b4939-e785-46c5-a54d-59a2c8098bc1,19BHZYV0269B6ZF,INV/26-27/54267,2026-05-07,15210.03,0.0,0.0,4258.81,4258.81,2026-04
0708c02a-219d-4c05-ac24-18cd919b2f9f,29OFSTE6718J2Z1,TX-09662,2026-01-09,9541.32,0.0,0.0,477.07,477.07,2026-02
7fecb310-9638-4460-acd2-78cf0d6b3d0d,27CLHAU6275N9Z0,TX-85674,2026-02-12,21523.01,0.0,0.0,3874.14,3874.14,2026-02
1520c898-9b38-4ad4-8401-62285b2cba01,07TREUM7749S6ZK,QT-86586,2026-03-14,6309.26,0.0,0.0,1766.59,1766.59,2026-04
a72a8fdf-e49d-47ad-9770-b2fae43dbd08,33NUYTR2660Y4ZJ,QT-86773,2026-05-03,15571.0,389.28,389.28,0.0,778.56,2026-06
a394fa91-5743-4543-ac07-ec05eaf5068b,32CBLIG0985A5Z2,INV-84131,2026-05-20,16167.19,0.0,0.0,1940.06,1940.06,2026-05
99a2e6fc-019e-4b16-972f-1158472f6f33,32CBLIG0985A5Z2,INV/26-27/35201,2026-05-25,118365.8,0.0,0.0,5918.29,5918.29,2026-05
38b823af-41d6-433b-8231-4adc7be64caa,19IYITE9127Q9ZX,INV/26-27/72562,2026-01-16,76686.28,0.0,0.0,21472.16,21472.16,2026-01
39197458-0fc8-43bb-b50b-e806f6126594,33KYRXQ3502N6ZT,TX-93626,2026-01-09,67349.73,0.0,0.0,3367.49,3367.49,2026-01
c403f610-0399-440e-80bc-e3c29230504b,33OGUBT7836U3ZV,INV-11407,2026-04-10,48892.21,0.0,0.0,13689.82,13689.82,2026-04
137e66ac-d977-445f-8244-5ceda4553836,19BHZYV0269B6ZF,INV/26-27/19425,2026-05-26,183563.77,0.0,0.0,9178.19,9178.19,2026-04
3a4f9c2f-20b8-4564-874a-f1f84b31b924,07XRVQY2624H6Z6,QT-50207,2026-05-05,23224.67,0.0,0.0,6502.91,6502.91,2026-05
dd076732-a1ae-495d-8d84-4feab588dc4a,07OVPDD3878L4ZF,TX-43450,2026-03-02,23161.56,0.0,0.0,4169.08,4169.08,2026-04
fcd06c45-cd37-4e5e-99cc-da39a7e49cbb,27HHPZM1535R7ZT,QT-64438,2026-01-26,11152.28,0.0,0.0,3122.64,3122.64,2026-02
8ade79d8-98b3-413f-84d4-c57f4c6d3bc4,29OFSTE6718J2Z1,INV-40780,2026-05-10,83610.48,0.0,0.0,4180.52,4180.52,2026-05
1649349a-140c-43d5-9d91-07cb1cd10bfe,32JTGJQ3646R6ZE,INV-89283,2026-01-08,23821.04,3334.95,3334.95,0.0,6669.9,2026-02
10563c33-b351-4db0-ba2c-32d3bb8d46cd,19SHGDF1571G8ZH,QT-85405,2026-04-15,50676.44,0.0,0.0,6081.17,6081.17,2026-04
8a04c2f0-5dd7-46be-ae66-3b8ee3c6c28e,09VBEHT5216W7ZH,INV/26-27/61172,2026-03-19,75167.38,0.0,0.0,3758.37,3758.37,2026-03
fc3645fb-7888-492d-b913-9ee8b9040520,32PYTBX5165B8Z6,RE-79830,2026-03-14,67996.25,0.0,0.0,12239.32,12239.32,2026-04
ee5779ee-e011-4844-a037-7bc20105252f,27RKHBU3568K1Z7,RE-52966,2026-03-23,93147.87,0.0,0.0,16766.62,16766.62,2026-03
13bb920a-d4ec-49f9-a281-b4343f50fb7f,07OVPDD3878L4ZF,RE-92809,2026-05-27,11459.93,0.0,0.0,3208.78,3208.78,2026-05
4d753249-99f9-464f-97b4-7216bb8bad5c,32MVPIG9247S7ZL,QT-12794,2026-05-01,6371.68,0.0,0.0,764.6,764.6,2026-06
8f43c54e-c6fd-47b2-b5e7-eeed98be162b,32MIZGW1045V1Z9,QT-55113,2026-03-26,34492.86,0.0,0.0,1724.64,1724.64,2026-03
413f9594-e9b9-40f7-96eb-07334660441c,09OQIDS9990V7ZW,RE-09335,2026-05-01,25019.65,0.0,0.0,7005.5,7005.5,2026-05
6abfc0ba-64e6-494f-98fb-490439ebcd64,33MHMKR7789T9Z1,INV/26-27/44915,2026-04-15,16518.43,0.0,0.0,4625.16,4625.16,2026-04
941e25a0-9758-4850-a02e-907c93978ce7,29OKGWZ6106L5ZP,INV/26-27/64170,2026-01-23,19552.09,0.0,0.0,5474.59,5474.59,2026-02
a7ebaea0-7b76-4ea1-bcc2-549b73531dca,19YFSGK6237C1ZT,INV-69964,2026-02-21,76687.29,0.0,0.0,3834.36,3834.36,2026-01
c646ffbf-6ec4-4435-a720-ef5355846e5f,07IAKFV1961W5ZW,TX-95399,2026-05-14,1261.42,0.0,0.0,151.37,151.37,2026-05
9afb7fec-54b0-42b8-a1f7-874e51c40591,19EFUIW7209C4ZQ,INV/26-27/52874,2026-01-05,42543.53,0.0,0.0,2127.18,2127.18,2026-02
39463ab4-cc15-494c-91e2-a49bff5f0d18,07OVPDD3878L4ZF,TX-83929,2026-03-07,46362.27,0.0,0.0,2318.11,2318.11,2026-02
48245978-214e-47b7-80f7-76ea9ce4cec3,24UWVGU1882O6ZJ,INV-54628,2026-04-24,29887.36,0.0,0.0,3586.48,3586.48,2026-04
fd6994d4-3b58-4393-b4e7-4bc6c9487fe4,24VZGOJ9588I7ZL,TX-86726,2026-01-26,7474.52,0.0,0.0,896.94,896.94,2026-01
8cfcc23c-cfcf-4854-8bf1-b296979cd632,32XRELI5642J4ZO,TX-38713,2026-02-11,24634.64,0.0,0.0,6897.7,6897.7,2026-03
f8a28789-ed01-4bbd-897c-5cdc8fed351c,29OKGWZ6106L5ZP,TX-19549,2026-01-24,258570.92,0.0,0.0,72399.86,72399.86,2026-01
6820d7a8-d0b7-4d11-9d24-6611bccf365e,32CBLIG0985A5Z2,TX-06565,2026-01-26,10195.73,0.0,0.0,2854.8,2854.8,2026-02
bbe7864b-36ad-423c-8aa3-50060c31596c,32PSNVO8742H5ZX,TX-52462,2026-04-27,5138.31,719.36,719.36,0.0,1438.72,2026-05
6afcd463-fd86-4499-9d02-99e1b99e590b,32KFKXP6873A6ZJ,INV-20893,2026-01-27,63882.89,0.0,0.0,17887.21,17887.21,2026-01
8154c8c7-e4be-4401-8f87-065d0c175805,07VUDGQ8518D5Z5,INV-89715,2026-02-03,19979.81,0.0,0.0,5594.35,5594.35,2026-02
de5483b8-b4d8-49cd-aa75-330e44eadfc9,29NNDJB2245J9Z0,RE-97469,2026-05-28,122681.8,0.0,0.0,6134.09,6134.09,2026-05
4e7e31de-ef94-431c-86c4-03e913154d00,24OUECW6291O5ZT,TX-19485,2026-05-23,31419.6,0.0,0.0,3770.35,3770.35,2026-05
cefff7dc-0f4c-4b84-bb4d-42944c985486,24YFPVG6368Z1ZM,INV-98492,2026-05-06,15332.45,0.0,0.0,1839.89,1839.89,2026-05
b53282ea-d4e8-40a0-8e59-bbaa120b17b5,33KYRXQ3502N6ZT,TX-58221,2026-05-27,93678.64,0.0,0.0,4683.93,4683.93,2026-05
883e30e4-bd6e-4180-a95b-0f57c016ef33,19SHGDF1571G8ZH,TX-44677,2026-04-04,5612.57,0.0,0.0,1571.52,1571.52,2026-05
42e14bb8-6a26-47de-b101-853edf090c07,32PSNVO8742H5ZX,INV-99526,2026-02-26,11003.37,0.0,0.0,1980.61,1980.61,2026-03
15d2f0b4-5338-4dae-af69-de90a153da84,19UWKQE9898N1ZB,INV/26-27/64543,2026-02-05,57817.15,0.0,0.0,10407.09,10407.09,2026-02
e7285457-d78f-4d0b-a4cb-ff44dc67f02c,29VHJHS1002E8Z6,TX-24980,2026-03-28,2253.64,0.0,0.0,112.68,112.68,2026-05
d4072add-9849-4630-a877-f23ffb3f4857,24MLHTC4264V5Z2,INV/26-27/65383,2026-01-02,95697.6,0.0,0.0,11483.71,11483.71,2026-02
8567c3a9-70e5-47f3-8fb9-56baf547d1ad,29UFUSM5911O9ZZ,TX-86183,2026-03-24,145829.73,0.0,0.0,17499.57,17499.57,2026-03
e4fd2e44-2a4b-4d6c-a250-630d078f2ec2,24VZGOJ9588I7ZL,RE-41145,2026-05-22,4825.22,0.0,0.0,868.54,868.54,2026-04
30263c85-49c3-4dde-95a7-a0d4cfb6d8e4,19BQAKM4384E7ZB,RE-71106,2026-03-24,84664.11,0.0,0.0,23705.95,23705.95,2026-02
27b22352-0a4d-43f1-a7f5-4346f1b2bce9,33NQMLB2128P2Z1,TX-01674,2026-05-14,19168.29,479.21,479.21,0.0,958.42,2026-06
4816b031-a519-49be-b432-e02bac4f42b5,33NQMLB2128P2Z1,QT-19193,2026-01-16,4484.91,0.0,0.0,224.25,224.25,2026-01
eda348c4-f921-4ddc-b258-95407cf7b23d,32PYTBX5165B8Z6,INV/26-27/97310,2026-05-24,27741.17,0.0,0.0,4993.41,4993.41,2026-06
c1673747-4000-4c72-bb20-f5983485de8f,29MBTFR6385C7Z0,TX-89804,2026-03-22,97687.98,0.0,0.0,11722.56,11722.56,2026-03
752d77e8-fa21-42b2-8967-e8f547b101f2,07IAKFV1961W5ZW,TX-23256,2026-01-20,6239.61,0.0,0.0,1747.09,1747.09,2026-02
46868918-9b80-4cfb-bfb6-a9c59122afd4,32KFKXP6873A6ZJ,INV/26-27/76545,2026-03-07,8193.66,0.0,0.0,409.68,409.68,2026-04
06a955f5-5e79-4a1f-ab12-7a48596a685c,07VUDGQ8518D5Z5,QT-64298,2026-05-27,83737.87,0.0,0.0,4186.89,4186.89,2026-06
56c9703f-f134-4ad7-8c23-758573f3c2c1,07BQNFU3961D3ZG,TX-12052,2026-03-31,10267.84,0.0,0.0,1848.21,1848.21,2026-04
8baf1c48-8592-40df-bad0-00f96c338f65,07UQVXC8255M5ZL,TX-73576,2026-01-03,16361.47,0.0,0.0,1963.38,1963.38,2026-02
56fd3236-481d-4532-96bd-a2c2ed4f7dbf,07CHTED5959F5ZU,INV-50578,2026-03-07,71746.61,0.0,0.0,20089.05,20089.05,2026-03
1ead5c54-9581-4dad-9882-f152847f378a,19WWLNL7461P5ZL,RE-10794,2026-01-25,189665.6,0.0,0.0,9483.28,9483.28,2026-02
ecfb0755-6a03-4437-ad76-5869b27474c9,29VOPVG7752E3ZY,INV-26946,2026-05-18,11997.37,299.93,299.93,0.0,599.86,2026-06
04a1aed1-6fc7-4f66-8b4f-de587b5fb3df,29WWWJI7780C4ZI,INV-11472,2026-01-19,95452.15,0.0,0.0,11454.26,11454.26,2026-02
09aa1839-70a0-4e37-93e4-49f39984ce8b,33OGUBT7836U3ZV,INV-51053,2026-01-31,53254.52,1331.36,1331.36,0.0,2662.72,2026-02
7770cecb-5a15-46cf-8292-1ebb11e46439,29UFUSM5911O9ZZ,QT-89900,2026-03-19,6295.32,0.0,0.0,314.77,314.77,2026-03
39ddfbc8-f9b1-4a60-8eb9-5537ac7ee508,32JTGJQ3646R6ZE,RE-38664,2026-02-06,212523.9,0.0,0.0,10626.19,10626.19,2026-03
222c14b3-3c33-4ca1-9ebf-0b8165969ea8,19UWKQE9898N1ZB,INV-75068,2026-04-11,93282.96,0.0,0.0,16790.93,16790.93,2026-04
c007324d-eec6-41a6-92d9-c16c43e0b320,19LRJDX0800X6Z8,RE-09588,2026-03-16,13101.88,0.0,0.0,3668.53,3668.53,2026-03
c8841fe8-18df-4383-8017-d9dd1412dc3d,32KFKXP6873A6ZJ,INV/26-27/13114,2026-03-14,83065.82,0.0,0.0,23258.43,23258.43,2026-03
f0707c46-1d01-45e2-a0fe-b10cee11bdd4,27TBYFB9002A3ZF,RE-74300,2026-04-04,4129.93,0.0,0.0,1156.38,1156.38,2026-04
33b68db2-7725-4e42-b209-638979e1a116,07BQNFU3961D3ZG,INV/26-27/34503,2026-01-20,105479.87,0.0,0.0,29534.36,29534.36,2026-02
29637929-4eeb-42ed-9601-4a9343d2abb3,24YFPVG6368Z1ZM,RE-18399,2026-04-25,34017.24,0.0,0.0,4082.07,4082.07,2026-06
18908802-7322-457c-9898-e5974ec25bfa,19UWKQE9898N1ZB,INV/26-27/99808,2026-05-05,13183.11,0.0,0.0,1581.97,1581.97,2026-06
cf47e3ab-c615-46ba-9e1e-5961f8378785,09OQIDS9990V7ZW,RE-74733,2026-02-14,13540.88,0.0,0.0,677.04,677.04,2026-02
0f4146f2-9db3-4369-bd33-41c347af8c81,29KTLLC3446J2ZP,TX-46256,2026-03-30,22628.12,0.0,0.0,2715.37,2715.37,2026-03
e02ea107-1bee-473d-b50b-ac2f15432d5a,09RKTAC2178A9ZT,INV/26-27/19693,2026-02-17,78227.88,0.0,0.0,9387.35,9387.35,2026-03
a8df3659-f3de-4272-bd87-a58aa99b67c1,33WJOCH2457T9Z1,TX-62787,2026-02-23,41547.91,0.0,0.0,4985.75,4985.75,2026-02
fe7ef54c-2f71-4881-8b72-347e3ee64d7b,33KYRXQ3502N6ZT,INV/26-27/58878,2026-05-01,68236.91,0.0,0.0,8188.43,8188.43,2026-05
9ce0df53-ed85-4b0f-a2d0-fef55d579f1b,24ZTSCE2030L6ZR,TX-78189,2026-01-18,19062.73,0.0,0.0,2287.53,2287.53,2026-02
5e6444d0-da87-450e-b3c9-ed62f1eb1429,27TBYFB9002A3ZF,RE-12623,2026-02-15,31755.47,0.0,0.0,1587.77,1587.77,2026-02
ecf62d56-26fc-4459-8c58-5c28bd68f2cf,07TREUM7749S6ZK,INV-88941,2026-04-21,18789.19,0.0,0.0,5260.97,5260.97,2026-04
fd66e313-88df-4155-b8cd-364b86a541a9,24OUECW6291O5ZT,RE-97176,2026-05-28,2823.51,169.41,169.41,0.0,338.82,2026-06
6a84993e-3844-4b51-8a45-4043f5bef657,19EFUIW7209C4ZQ,INV-92950,2026-01-02,68800.2,0.0,0.0,12384.04,12384.04,2026-01
e311b694-749b-410d-baf6-f54d3706676f,09OQIDS9990V7ZW,QT-34250,2026-05-18,16953.03,0.0,0.0,4746.85,4746.85,2026-06
4fd20265-4f8a-4840-8212-828098d21ab8,33WJOCH2457T9Z1,INV/26-27/48525,2026-05-24,11955.36,1075.98,1075.98,0.0,2151.96,2026-06
58df2792-8e0c-4796-85d3-2bb0b93d807c,09LSGIX0131G2ZQ,INV/26-27/58537,2026-02-11,26911.08,672.78,672.78,0.0,1345.56,2026-03
e99ecdcd-c7db-4156-9b60-da06060e56b2,33NUYTR2660Y4ZJ,INV/26-27/61823,2026-04-22,11439.58,0.0,0.0,571.98,571.98,2026-04
e6f9df8d-3d04-43dd-8332-82398c58d259,07VUDGQ8518D5Z5,RE-37549,2026-01-15,155233.75,0.0,0.0,43465.45,43465.45,2026-01
2fdafd45-ee03-435f-a9a2-70999ed4042b,33NQMLB2128P2Z1,INV/26-27/4406,2026-05-11,12770.37,0.0,0.0,638.52,638.52,2026-05
f78cf0fa-e184-49b2-9bb0-2ba903e3e53d,33NUYTR2660Y4ZJ,QT-52355,2026-04-01,19469.48,0.0,0.0,973.47,973.47,2026-05
e1e51598-d847-47dc-9fa4-5454cf623ba3,29MQUPJ0403J2Z5,QT-95177,2026-05-24,7717.03,0.0,0.0,926.04,926.04,2026-05
2617071c-058c-4cb3-83b0-de383ac33f5e,07BQNFU3961D3ZG,RE-32787,2026-04-24,43709.25,0.0,0.0,7867.66,7867.66,2026-04
f2727d4c-7a49-4d6c-8b05-615be2740dec,24CSWQT7242K8ZP,RE-03585,2026-05-04,11086.04,0.0,0.0,1995.49,1995.49,2026-06
590b02f7-efed-4d76-ab4d-1c171fa7db2d,33NQMLB2128P2Z1,INV-52289,2026-03-29,135485.56,0.0,0.0,24387.4,24387.4,2026-04
bab16f8b-b914-4f78-ad82-418b7372aa2a,19EFUIW7209C4ZQ,TX-96615,2026-02-21,12053.82,0.0,0.0,1446.46,1446.46,2026-03
343c7504-aa72-48a8-ad20-72a176fbc3a1,32XRELI5642J4ZO,INV/26-27/13984,2026-01-31,72790.26,0.0,0.0,3639.51,3639.51,2025-12
db6dcf23-2fca-4869-ba6f-d55498fc89dc,33WJOCH2457T9Z1,QT-81353,2026-03-22,110293.8,0.0,0.0,19852.88,19852.88,2026-03
7a847a8b-5783-43cc-a9a1-96a66d5f35c5,24UWVGU1882O6ZJ,RE-55467,2026-05-03,5685.73,0.0,0.0,682.29,682.29,2026-05
e8810640-e196-4fe1-bfdc-8d2286d39d47,24CSWQT7242K8ZP,QT-90337,2026-01-03,5995.95,0.0,0.0,1079.27,1079.27,2026-02
7921b364-4c7c-4f66-a0f5-56ef15275784,29MQUPJ0403J2Z5,QT-31083,2026-03-10,35851.7,0.0,0.0,10038.48,10038.48,2026-03
3924b833-f29d-4ee0-9e46-a4dcb3ac591c,19BHZYV0269B6ZF,TX-17626,2026-05-13,11861.74,0.0,0.0,2135.11,2135.11,2026-05
01d0e98a-f3f7-4a87-a2e5-cac1818b4cc2,07AGMWB4616P7ZF,INV/26-27/7870,2026-02-25,21796.77,0.0,0.0,6103.1,6103.1,2026-03
0d19b4c8-a2dc-4aca-8659-cf631987cb39,32PYTBX5165B8Z6,RE-33780,2026-03-30,38765.7,0.0,0.0,4651.88,4651.88,2026-04
3f43b4cb-d410-4807-b5e9-0c34d09362b2,19BHZYV0269B6ZF,RE-74926,2026-04-14,10948.6,0.0,0.0,1970.75,1970.75,2026-03
7751b972-744f-4dd8-96df-f55009de27d0,32XEPQM0336F6ZQ,TX-47601,2026-05-31,21962.66,0.0,0.0,1098.13,1098.13,2026-05
214ae50a-7b59-47ba-bd80-39776624f7cc,33KYRXQ3502N6ZT,INV/26-27/21878,2026-04-12,27512.82,0.0,0.0,7703.59,7703.59,2026-05
5a763638-33df-49f0-bd45-add1f5ea2475,32CBLIG0985A5Z2,RE-20353,2026-01-22,78355.85,0.0,0.0,9402.7,9402.7,2026-02
c9a8cc56-63be-4dea-ac06-53cd17484096,32KFKXP6873A6ZJ,RE-22362,2026-01-08,1000.0,0.0,0.0,280.0,280.0,2026-02
cfe2c2ea-3705-42c0-afaa-9a6d984ef1d1,29MQUPJ0403J2Z5,TX-17710,2026-05-19,42808.32,5993.16,5993.16,0.0,11986.32,2026-06
ac3439ae-90b1-4644-9da5-9066d138e61b,24OUECW6291O5ZT,TX-70736,2026-02-28,20568.3,0.0,0.0,3702.29,3702.29,2026-02
a473119f-2a6f-4ac8-a4e0-08a850f26833,24OUECW6291O5ZT,QT-61499,2026-05-17,23679.25,0.0,0.0,6630.19,6630.19,2026-05
7322d613-da68-4d47-8243-3da2bf874cb2,32CBLIG0985A5Z2,INV-55344,2026-03-03,122579.37,0.0,0.0,22064.29,22064.29,2026-03
308b4b6b-7a46-4999-8192-cdc5e20a579b,07XRVQY2624H6Z6,INV/26-27/8974,2026-02-16,5694.57,0.0,0.0,1594.48,1594.48,2026-03
fab1d457-72ef-4d9c-9a15-bdcdf11f2591,19WWLNL7461P5ZL,INV-19943,2026-01-13,14873.74,0.0,0.0,4164.65,4164.65,2026-02
21fae9f6-2af8-49b7-af86-91ab243ca5ee,29NNDJB2245J9Z0,TX-28468,2026-03-29,80229.37,0.0,0.0,14441.29,14441.29,2026-03
9b7d76cf-7a14-485a-83ab-b7306909a47f,07CHTED5959F5ZU,INV-15986,2026-03-05,42390.61,0.0,0.0,5086.87,5086.87,2026-03
0896616d-607e-446d-a3e7-9a9cfe579a73,19WWLNL7461P5ZL,INV/26-27/82466,2026-01-11,27896.82,0.0,0.0,7811.11,7811.11,2026-01
74c67568-f1fe-45eb-ab73-6cfac31019aa,29VHJHS1002E8Z6,INV-30929,2026-04-22,9643.47,0.0,0.0,482.17,482.17,2026-04
e4432a56-25d1-4c9a-b5d3-5d071d3f79de,09OQIDS9990V7ZW,TX-90231,2026-02-09,2736.14,0.0,0.0,136.81,136.81,2026-02
988c6406-a736-41f8-9b6b-04994ae69a0c,19EFUIW7209C4ZQ,INV-90342,2026-04-07,23534.17,0.0,0.0,4236.15,4236.15,2026-04
2ccac1a2-e4ed-4ae7-be00-dba7a83a6e7b,32MVPIG9247S7ZL,RE-45570,2026-03-24,1599.58,95.97,95.97,0.0,191.94,2026-03
711df615-5e32-4483-a301-b37dd65b4832,33JJHSA8308Y1ZV,RE-31299,2026-03-24,50351.7,0.0,0.0,14098.48,14098.48,2026-03
a2c4ca7c-f88c-416f-9115-38edc224050d,27TBYFB9002A3ZF,RE-37111,2026-03-24,16557.42,0.0,0.0,827.87,827.87,2026-03
9d7f2174-e219-4f87-acb3-7835c12cd8fb,07OVPDD3878L4ZF,INV/26-27/14032,2026-05-05,15841.76,0.0,0.0,2851.52,2851.52,2026-06
4bc6330b-4e3f-42e2-b70b-c1cd2137011b,29NNDJB2245J9Z0,INV/26-27/85951,2026-05-06,89783.33,0.0,0.0,4489.17,4489.17,2026-05
06823719-7cc4-431c-964c-e43c4cc6b248,19FEGTT6106B5ZS,INV-80863,2026-03-10,462370.12,0.0,0.0,23118.51,23118.51,2026-03
7dc2e119-6f1c-41ef-8cd1-aaf18ca73270,29MBTFR6385C7Z0,INV/26-27/25313,2026-05-15,386970.73,0.0,0.0,108351.8,108351.8,2026-04
403bcda8-b4fd-4fef-9b37-5d0346d87433,32XRELI5642J4ZO,TX-92085,2026-04-20,10754.83,1505.68,1505.68,0.0,3011.36,2026-04
3ae46f0f-3355-47a0-848a-775af085fb93,07PEESQ9703X4ZS,TX-46180,2026-03-22,15183.73,0.0,0.0,2733.07,2733.07,2026-03
e666bfda-de12-48a1-b19b-a835b4253d4e,07CHTED5959F5ZU,RE-97594,2026-03-07,2167.02,0.0,0.0,108.35,108.35,2026-02
710e7262-e441-4fa4-8cbe-bfc3bceaa074,29YDDCO2672U5ZW,RE-17706,2026-03-19,7315.25,658.37,658.37,0.0,1316.74,2026-04
19dbab9d-f398-492b-8c40-435bd0b286fb,07OVPDD3878L4ZF,TX-46617,2026-02-09,12902.09,0.0,0.0,1548.25,1548.25,2026-03
61487400-be9e-4ac7-a64b-658790c1ec17,32XHKDY3408E7ZT,RE-28500,2026-01-20,51484.4,1287.11,1287.11,0.0,2574.22,2026-01
2dc5786c-d72b-4ac4-a039-416124f5c990,32GGZUX1654Y5ZO,INV-83085,2026-04-08,26735.41,0.0,0.0,3208.25,3208.25,2026-05
cdccd5cb-0ce7-4e18-9003-40bf7dd2e8df,24UWVGU1882O6ZJ,TX-58408,2026-05-28,11097.09,0.0,0.0,3107.19,3107.19,2026-05
a78b221a-bef0-42ec-88a3-e292985a7acd,29OKGWZ6106L5ZP,INV-71848,2026-04-13,17164.63,0.0,0.0,2059.76,2059.76,2026-06
2bd22515-030b-4639-af15-addf19c53556,27ESIIA8541U1Z5,TX-85492,2026-05-27,61291.07,0.0,0.0,7354.93,7354.93,2026-06
f9c714b0-9fff-4b01-b755-ee2a80694336,19WWLNL7461P5ZL,RE-11744,2026-01-29,19505.9,0.0,0.0,3511.06,3511.06,2026-01
34fe37bd-bd6e-4ef4-9137-142e8149e25f,24YFPVG6368Z1ZM,QT-80770,2026-04-24,4928.45,0.0,0.0,591.41,591.41,2026-04
40b2cd58-290e-4677-b3d0-e47d697a2a03,32PSNVO8742H5ZX,INV-31857,2026-02-07,38906.12,0.0,0.0,10893.71,10893.71,2026-02
f482470b-0283-4256-a577-29dffbdf191f,29VHJHS1002E8Z6,INV/26-27/71621,2026-05-14,32419.18,0.0,0.0,3890.3,3890.3,2026-04
62ce9a0c-5cc1-42cb-a282-cd6897ee2b46,09OQIDS9990V7ZW,RE-05700,2026-03-07,3013.42,0.0,0.0,542.42,542.42,2026-04
5f217694-589c-4676-bb43-899f7f6b6b90,09APIUL9181B7Z0,TX-86557,2026-03-11,93760.1,0.0,0.0,4688.01,4688.01,2026-03
b3271fa4-5a8d-4b67-8d97-328112d9265a,29ZDTPU2544S7ZJ,TX-66656,2026-01-26,22962.77,0.0,0.0,1148.14,1148.14,2026-01
5fda3f7e-cbda-43d5-bb8a-db642c6daf91,32PYTBX5165B8Z6,INV-05211,2026-03-05,11301.45,0.0,0.0,1356.17,1356.17,2026-03
5f194b8c-008b-46cd-b41f-d73a4c08ebb8,24VZGOJ9588I7ZL,INV/26-27/65701,2026-03-12,208674.54,0.0,0.0,10433.73,10433.73,2026-03
8be75d97-7850-4337-863e-22b1835b5f35,33MHMKR7789T9Z1,INV-95669,2026-04-08,441741.28,0.0,0.0,53008.95,53008.95,2026-04
62b9ce72-aa76-404a-96bb-f5b3a0d86da9,07UQVXC8255M5ZL,INV/26-27/56370,2026-02-07,29101.61,0.0,0.0,1455.08,1455.08,2026-02
8bf3a917-039b-4be5-b1d1-9cf10d55f453,32MVPIG9247S7ZL,QT-19074,2026-01-08,94419.68,0.0,0.0,26437.51,26437.51,2026-01
cdddfe62-2047-4943-868d-99da7f07c38a,27TBYFB9002A3ZF,INV/26-27/13995,2026-02-03,99949.09,0.0,0.0,17990.84,17990.84,2026-03
98a60892-e827-42c4-8913-96d918b5303d,29ZDTPU2544S7ZJ,INV/26-27/90096,2026-01-07,52052.03,7287.28,7287.28,0.0,14574.56,2026-02
ae353842-6f70-448c-b7b0-8f91d8d67723,27ESIIA8541U1Z5,TX-18025,2026-02-11,12396.55,0.0,0.0,1487.59,1487.59,2026-04
0c0fdc1b-8ea9-4421-9d66-9477f26336cc,07VUDGQ8518D5Z5,TX-90160,2026-03-25,100092.12,0.0,0.0,5004.61,5004.61,2026-03
398e4570-3e9c-4d1c-9fc7-41d402627ff3,32JTGJQ3646R6ZE,RE-97317,2026-05-27,37727.42,0.0,0.0,1886.37,1886.37,2026-05
facbb973-9359-447f-839b-e95393ff1191,09SSLRY7669N2ZY,RE-70500,2026-04-12,5279.93,0.0,0.0,264.0,264.0,2026-04
ec2d7010-049f-4f82-b9b9-f76720dbc0df,33NQMLB2128P2Z1,TX-21822,2026-04-19,116913.98,0.0,0.0,32735.91,32735.91,2026-05
b0de0a39-943c-4257-b7b9-a4161cbd904b,09VBEHT5216W7ZH,QT-90665,2026-02-11,21088.48,0.0,0.0,5904.77,5904.77,2026-01
7650749d-5a34-4cf4-b95c-e1f819686aed,29OFSTE6718J2Z1,TX-72135,2026-04-08,8963.05,537.78,537.78,0.0,1075.56,2026-05
77d930fe-a2f6-4681-ad09-fd9febf2df0c,19BHZYV0269B6ZF,QT-40570,2026-04-25,24594.02,0.0,0.0,1229.7,1229.7,2026-05
30319974-f2ba-44d0-bd57-7a93abdf7b63,19IYITE9127Q9ZX,TX-59473,2026-04-15,73853.81,0.0,0.0,8862.46,8862.46,2026-04
f2f78420-a331-4c19-bf86-000b6a80c886,07OVPDD3878L4ZF,INV/26-27/4251,2026-05-28,5052.81,0.0,0.0,606.34,606.34,2026-05
7bc734cb-46a2-40a5-8b4b-2b40995d50d3,29OKGWZ6106L5ZP,RE-23255,2026-04-27,18425.31,1658.28,1658.28,0.0,3316.56,2026-04
5237d3ef-63e3-4013-854e-4960278b1796,29VOPVG7752E3ZY,RE-08510,2026-03-16,13633.06,0.0,0.0,1635.97,1635.97,2026-02
ad04ea87-b22b-492b-85f3-8f8e98454459,29OKGWZ6106L5ZP,RE-11492,2026-05-04,68757.32,0.0,0.0,12376.32,12376.32,2026-05
ffaae304-2433-4f7f-bc03-fb44a2c10cc0,07UQVXC8255M5ZL,RE-81690,2026-04-01,39624.21,0.0,0.0,11094.78,11094.78,2026-04
65dadaa4-e93a-4f8a-b459-5b3898d704f7,29ZDTPU2544S7ZJ,QT-25370,2026-01-01,17402.55,1044.15,1044.15,0.0,2088.3,2026-01
737b5492-56c0-483b-a17c-530b04fce247,19UWKQE9898N1ZB,QT-45830,2026-05-24,4780.0,0.0,0.0,860.4,860.4,2026-05
e78aa078-f1a0-411e-b642-125709c049f0,29WWWJI7780C4ZI,QT-88143,2026-05-03,139656.51,19551.91,19551.91,0.0,39103.82,2026-05
1a00dc6d-b9b0-4aa4-a3d8-eed4da8f95e0,29WWWJI7780C4ZI,TX-54258,2026-01-15,5546.16,0.0,0.0,998.31,998.31,2026-01
d495e51e-b7a6-4ff7-9172-f690cda33592,32XRELI5642J4ZO,INV-19570,2026-03-13,14617.78,0.0,0.0,1754.13,1754.13,2026-03
f6b68fa3-241e-4498-99a4-41f618d80046,32PSNVO8742H5ZX,QT-92441,2026-03-22,14837.1,0.0,0.0,1780.45,1780.45,2026-03
b53a5e90-c7fc-497f-ab68-392d4b3836ff,29VHJHS1002E8Z6,RE-39626,2026-02-14,347951.47,8698.79,8698.79,0.0,17397.58,2026-03
df66d8ae-3028-45f4-b3cb-17b40718faf4,27TBYFB9002A3ZF,INV/26-27/44580,2026-05-04,30843.99,0.0,0.0,3701.28,3701.28,2026-06
aa40988f-5922-486b-901a-6e5dbb2b383b,32KFKXP6873A6ZJ,INV/26-27/94971,2026-01-10,62444.1,1561.1,1561.1,0.0,3122.2,2026-01
98c1c670-46bf-49d9-aba1-cddaee1eb648,29WWWJI7780C4ZI,TX-06048,2026-01-27,39976.43,0.0,0.0,7195.76,7195.76,2026-01
d397592c-ca7e-4dc6-8e9e-9f7a4d72968a,19EFUIW7209C4ZQ,QT-36262,2026-05-17,21646.85,0.0,0.0,2597.62,2597.62,2026-05
29f4e27c-1c83-482b-80f4-a5e3c4ffcf98,32PYTBX5165B8Z6,RE-13419,2026-02-22,28550.06,0.0,0.0,5139.01,5139.01,2026-02
8556ce05-5832-471c-9dd0-0c3adffd37a4,07VUDGQ8518D5Z5,QT-70855,2026-04-24,5533.79,0.0,0.0,276.69,276.69,2026-05
3927ad80-c11f-4dec-953a-231cff65bdfb,19IYITE9127Q9ZX,TX-80782,2026-04-02,241877.88,0.0,0.0,12093.89,12093.89,2026-04
485372e1-cf59-4497-9cf4-be3ec4b55669,07BSZNP3937V1ZL,INV/26-27/12179,2026-04-30,8285.53,0.0,0.0,2319.95,2319.95,2026-05
52b7fc8c-c2e2-4a4f-8b59-fd66f6421b78,07VUDGQ8518D5Z5,QT-47639,2026-04-11,89559.16,0.0,0.0,16120.65,16120.65,2026-05
9192ef07-ac52-4168-956a-9c2a86a7c0ee,33WJOCH2457T9Z1,TX-22388,2026-03-14,31773.67,0.0,0.0,1588.68,1588.68,2026-03
a5f42b15-3452-4ec5-9a4d-3c74047a2d5b,19WWLNL7461P5ZL,RE-85125,2026-01-19,27792.04,0.0,0.0,7781.77,7781.77,2026-01
91bfca12-1e84-4801-9854-d573b332dc7b,33WJOCH2457T9Z1,TX-08659,2026-03-29,50125.69,0.0,0.0,14035.19,14035.19,2026-04
ae1f514e-e594-4f78-9c86-a254882f469a,19BQAKM4384E7ZB,INV-96911,2026-05-27,3478.53,0.0,0.0,626.14,626.14,2026-05
954a026c-17be-44c6-9248-821c09d86679,27HHPZM1535R7ZT,TX-09124,2026-01-28,74738.65,0.0,0.0,13452.96,13452.96,2026-01
3288cde7-a80f-4ce8-a505-08087ff50e28,29VHJHS1002E8Z6,INV/26-27/76123,2026-01-01,45499.13,0.0,0.0,8189.84,8189.84,2026-01
49c98e38-1490-4584-8a18-70c60114abca,27RKHBU3568K1Z7,QT-71944,2026-01-14,8108.03,0.0,0.0,405.4,405.4,2026-02
f9855dd1-8008-4a01-b3d7-5710f1a094b4,33OGUBT7836U3ZV,TX-53220,2026-04-08,12097.81,0.0,0.0,1451.74,1451.74,2026-04
2885dd97-9e77-4f2e-a9ff-de9273e638a7,19BHZYV0269B6ZF,INV/26-27/37811,2026-02-02,60337.08,0.0,0.0,16894.38,16894.38,2026-03
68056de7-5728-4e2e-9b6f-87cda2149ba5,33KYRXQ3502N6ZT,INV/26-27/84181,2026-04-17,260743.22,0.0,0.0,73008.1,73008.1,2026-04
691f1f3d-da10-4d1a-b63b-6c7323fb657a,29MBTFR6385C7Z0,QT-29589,2026-02-17,129485.18,0.0,0.0,23307.33,23307.33,2026-02
ed48847b-8cbf-4360-a43c-87e0ad2b2efe,07OVPDD3878L4ZF,INV-74469,2026-05-04,5345.58,0.0,0.0,267.28,267.28,2026-05
eb07dfec-d709-4ad9-bfe5-425f1d5da6d2,19LRJDX0800X6Z8,RE-10255,2026-05-14,4984.1,0.0,0.0,249.21,249.21,2026-04
3361848e-4d68-4efd-bd2d-1e6c6433913a,27HHPZM1535R7ZT,RE-06918,2026-03-29,3925.88,0.0,0.0,1099.25,1099.25,2026-03
1e1ad275-8aa9-4134-9969-1f0f45c9f26a,07IAKFV1961W5ZW,QT-21956,2026-01-10,33150.71,0.0,0.0,5967.13,5967.13,2026-01
fe0d7ab9-8cf3-4822-8c2e-47eb0c660ae5,29OKGWZ6106L5ZP,INV-86026,2026-03-16,35555.34,0.0,0.0,1777.77,1777.77,2026-03
9567d578-053e-44b7-a61f-fa25112e40fe,09VBEHT5216W7ZH,INV/26-27/80714,2026-03-13,500.0,0.0,0.0,60.0,60.0,2026-04
7bb6b886-fd0e-4277-a500-ef7f259ceb05,32CBLIG0985A5Z2,INV/26-27/63560,2026-02-16,77193.29,1929.83,1929.83,0.0,3859.66,2026-02
c4cc85b9-8cf9-40e4-ac4d-d7bf812f22a1,27TBYFB9002A3ZF,TX-98666,2026-04-16,9474.34,0.0,0.0,1136.92,1136.92,2026-04
993f3c95-57d8-46b7-8132-771789f185cc,24UWVGU1882O6ZJ,QT-99023,2026-01-30,21559.31,0.0,0.0,6036.61,6036.61,2026-01
09bcc56b-998f-45f2-af76-0663cf56eae1,29ZDTPU2544S7ZJ,TX-89590,2026-04-10,17895.31,0.0,0.0,894.77,894.77,2026-04
202beea7-1ded-4021-944d-b18f892c40ed,29RAAUG3107Q2Z4,RE-85468,2026-03-11,14592.48,0.0,0.0,4085.89,4085.89,2026-03
9b28d73a-6046-4e33-a94b-335da69872a4,19IYITE9127Q9ZX,INV/26-27/68152,2026-03-28,5482.39,0.0,0.0,274.12,274.12,2026-04
f2a52402-790a-42e3-a341-a659245cb41a,09VBEHT5216W7ZH,INV/26-27/4462,2026-01-07,2623.83,0.0,0.0,314.86,314.86,2026-01
fc68d101-113b-40d8-9895-ec91bc8f703e,09VBEHT5216W7ZH,QT-61205,2026-01-20,82663.71,0.0,0.0,23145.84,23145.84,2025-12
fc9eb730-23f6-4450-b1f8-bb807aa3c6a4,09VBEHT5216W7ZH,INV/26-27/9699,2026-03-12,17299.92,0.0,0.0,865.0,865.0,2026-03
70fe2433-010c-48a3-93e5-9f001660720f,19NCNYB7854A1ZU,INV-64451,2026-02-21,6746.39,0.0,0.0,809.57,809.57,2026-02
0d317e95-f9fc-4746-8289-ce8210ecb861,29UFUSM5911O9ZZ,TX-93769,2026-03-08,3193.68,287.43,287.43,0.0,574.86,2026-05
b00481de-5524-4bf4-8925-e402b2667e82,27TBYFB9002A3ZF,INV-04960,2026-04-10,34100.55,0.0,0.0,9548.15,9548.15,2026-05
b945ebc4-e1a3-4ade-b7d5-94a7ec618a1f,07TREUM7749S6ZK,INV/26-27/0434,2026-04-09,87891.93,7910.27,7910.27,0.0,15820.54,2026-04
6e680a6f-fa44-4c56-99d8-2d78a8437817,33NUYTR2660Y4ZJ,QT-70075,2026-03-29,17375.77,0.0,0.0,2085.09,2085.09,2026-04
09f6500b-1e66-416c-81ab-e0892cfc8144,24VZGOJ9588I7ZL,TX-13995,2026-04-02,101825.66,0.0,0.0,12219.08,12219.08,2026-04
05d6ac59-b593-43c2-983e-0c2777f2e993,29YFFRE1004T8ZI,TX-50957,2026-01-17,44804.99,0.0,0.0,12545.4,12545.4,2026-01
1fd8882f-1bca-4366-b1e0-d7a5d0d8877a,07OVPDD3878L4ZF,QT-07348,2026-03-28,170470.59,0.0,0.0,47731.77,47731.77,2026-03
4515f5a4-200a-4504-8084-1ebd34fa64d0,07OVPDD3878L4ZF,INV/26-27/64081,2026-01-05,39999.1,2399.95,2399.95,0.0,4799.9,2026-01
8d0baf84-8250-41ea-92f8-bf1929f3f391,24CSWQT7242K8ZP,RE-22373,2026-01-17,4956.07,0.0,0.0,594.73,594.73,2026-01
8f4a90e2-eac0-4a24-bf95-e6de55ef4de4,32XHKDY3408E7ZT,QT-15834,2026-05-28,3641.45,0.0,0.0,436.97,436.97,2026-04
560053a2-9a6b-4818-9ac0-01c657a1d9f5,09SSLRY7669N2ZY,RE-05335,2026-02-04,157179.32,0.0,0.0,18861.52,18861.52,2026-03
dd5a87f7-80d2-4c38-b8b5-d881c022614b,19YFSGK6237C1ZT,INV/26-27/11684,2026-03-14,401321.14,0.0,0.0,48158.54,48158.54,2026-03
eed97318-9dc8-4a7c-b746-a25e1885a29f,29MXBCP0265K7ZX,TX-31360,2026-02-14,24667.12,0.0,0.0,4440.08,4440.08,2026-02
ea685c55-7cc1-4101-a197-4c87d64f3423,07UQVXC8255M5ZL,INV-81124,2026-04-03,20389.74,0.0,0.0,2446.77,2446.77,2026-04
a05ffa5a-a38e-4bfe-a1a7-e4dbdd96e5a4,19RKWYK9023D9ZD,TX-23112,2026-02-10,11353.9,0.0,0.0,2043.7,2043.7,2026-02
a237271e-909c-465f-adc7-1a0329588ecf,19UWKQE9898N1ZB,INV-97048,2026-01-14,23985.6,0.0,0.0,2878.27,2878.27,2025-12
72c4b6d2-31ac-4c2a-ac3f-28dddf000351,19BHZYV0269B6ZF,INV/26-27/97923,2026-03-25,8783.8,0.0,0.0,1054.06,1054.06,2026-03
afba7480-5c26-4840-8cad-7f5a1ad14bae,32MIZGW1045V1Z9,INV-61734,2026-05-30,63585.34,0.0,0.0,17803.9,17803.9,2026-05
7baffead-53f4-4e5c-b735-1a959a21d919,19EFUIW7209C4ZQ,QT-35350,2026-02-21,14941.36,0.0,0.0,4183.58,4183.58,2026-02
4f17579d-057b-4681-807a-46f40dbe6cc0,32MIZGW1045V1Z9,QT-79120,2026-02-10,51601.23,0.0,0.0,6192.15,6192.15,2026-02
78381228-2f87-44c8-bad1-7e077b041ff5,33NUYTR2660Y4ZJ,TX-68390,2026-05-06,8195.2,0.0,0.0,2294.66,2294.66,2026-05
d9b5b5b8-829d-4a54-8528-d9813ff36883,09SSLRY7669N2ZY,QT-56918,2026-05-29,20803.78,2912.53,2912.53,0.0,5825.06,2026-05
056b5839-9a91-43d3-b1ad-84e81b692412,07UQVXC8255M5ZL,TX-62819,2026-01-26,7406.32,0.0,0.0,370.32,370.32,2026-02
854c9240-e99d-4c82-858b-648a86598b97,32KFKXP6873A6ZJ,QT-38770,2026-03-03,4916.79,0.0,0.0,885.02,885.02,2026-03
1220025c-f40a-4386-b715-1a2f825addf1,09OQIDS9990V7ZW,INV-59617,2026-04-29,90714.4,0.0,0.0,16328.59,16328.59,2026-04
da80ef9c-5033-4a7c-a849-b1b46a8da29c,19LYXQR1956K7ZI,TX-90539,2026-03-27,4561.64,0.0,0.0,547.4,547.4,2026-04
11853332-77c9-4103-afbe-cef9df5647d4,27RKHBU3568K1Z7,RE-88429,2026-04-04,7027.61,0.0,0.0,351.38,351.38,2026-04
5632277f-5293-4205-816a-5d8b0fe30d63,09APIUL9181B7Z0,RE-92975,2026-02-22,11870.96,0.0,0.0,3323.87,3323.87,2026-02
c56ecc98-f284-44ad-9497-e5914f14456f,32MIZGW1045V1Z9,QT-46231,2026-03-10,20998.39,0.0,0.0,3779.71,3779.71,2026-03
e31dac32-6b2c-4b6a-9d5a-63b370eb474d,09LSGIX0131G2ZQ,TX-93039,2026-05-17,27325.31,0.0,0.0,4918.56,4918.56,2026-04
3c189b32-1bbb-4ec4-97ad-f80bc5f0976e,29YDDCO2672U5ZW,QT-54597,2026-05-19,22637.39,0.0,0.0,1131.87,1131.87,2026-05
ea35e519-aa44-4dfc-94c9-ac4f408c6807,29KTLLC3446J2ZP,QT-53962,2026-05-29,38804.63,0.0,0.0,10865.3,10865.3,2026-05
7853ce7f-c42d-4547-bbd5-dcb1e94e1984,24YFPVG6368Z1ZM,QT-29725,2026-05-04,1475.73,0.0,0.0,177.09,177.09,2026-05
9a600633-31a3-4a41-b6ba-db05a2c7cba2,32XDLYF4300Q6ZF,INV/26-27/93299,2026-05-18,81631.49,4897.89,4897.89,0.0,9795.78,2026-06
2a4af4f8-81db-483a-90cb-8aa566fdebb2,29OKGWZ6106L5ZP,INV/26-27/57789,2026-03-08,3125.83,0.0,0.0,562.65,562.65,2026-03
c1f4bd39-4f65-4c81-b5ff-19cf872aba2f,19FEGTT6106B5ZS,TX-70762,2026-02-11,30117.19,0.0,0.0,5421.09,5421.09,2026-02
1f8b8cde-82f6-4f29-8aaf-5d946534e33f,29QDMBJ2373Y7ZG,RE-95492,2026-04-24,5367.91,0.0,0.0,268.4,268.4,2026-04
57776586-d58b-4c67-80ab-a6494fe8b8ad,27CLHAU6275N9Z0,TX-80940,2026-02-26,49928.67,0.0,0.0,5991.44,5991.44,2026-01
4eb2ad6a-05b6-47ae-a8bb-59eff12f964d,29YDDCO2672U5ZW,INV-70571,2026-04-25,15343.5,383.59,383.59,0.0,767.18,2026-04
5c8d16d7-cceb-48db-ab6c-91f2d0d62960,29MBTFR6385C7Z0,QT-01598,2026-03-14,12178.18,0.0,0.0,608.91,608.91,2026-03
c9eb4f71-196d-4207-bc39-e214c1ffd494,19NCNYB7854A1ZU,QT-21469,2026-04-19,8485.41,0.0,0.0,424.27,424.27,2026-04
dcef00bf-bc24-4626-aa74-c4a86d57074c,29WWWJI7780C4ZI,INV-77422,2026-04-07,2813.85,0.0,0.0,787.88,787.88,2026-05
23024e54-ad01-4828-b8c8-c072827de737,24KIJSU5001T1Z5,RE-96975,2026-04-29,50446.36,0.0,0.0,9080.34,9080.34,2026-05
bf28ec19-8a4a-494a-b6b2-dbc45488c680,09LSGIX0131G2ZQ,QT-54678,2026-02-15,41440.6,0.0,0.0,2072.03,2072.03,2026-03
907ec623-ea7d-43ce-b1f5-f22f05d1672a,07PEESQ9703X4ZS,QT-76162,2026-05-04,190687.29,26696.22,26696.22,0.0,53392.44,2026-05
6081c98f-80f4-48ce-9356-28cdbabd8bea,19FEGTT6106B5ZS,RE-96071,2026-05-28,7606.12,0.0,0.0,912.73,912.73,2026-06
39186e02-f039-4e84-a279-2060b5417d50,32XRELI5642J4ZO,INV/26-27/6933,2026-03-11,6690.42,0.0,0.0,334.52,334.52,2026-03
92694d15-4361-458d-9b31-185d088b054b,07AGMWB4616P7ZF,RE-98649,2026-02-12,42821.92,0.0,0.0,7707.95,7707.95,2026-02
5863b2f8-19fb-487d-904b-a2a25d581891,29NNDJB2245J9Z0,INV/26-27/67918,2026-03-14,23691.59,0.0,0.0,2842.99,2842.99,2026-03
33a1935f-e69f-4918-8954-ec3261ae8875,19EFUIW7209C4ZQ,RE-80404,2026-05-15,107970.9,0.0,0.0,5398.55,5398.55,2026-05
b0d97081-59d9-4dcf-a8cb-ee4ceefcfe66,32KFKXP6873A6ZJ,INV-62852,2026-03-31,5290.44,0.0,0.0,952.28,952.28,2026-03
7bcce3a8-cd69-4ceb-a1f2-20c773a0d762,32MIZGW1045V1Z9,INV/26-27/90996,2026-02-06,15037.24,0.0,0.0,751.86,751.86,2026-02
cd64ab9f-f0fd-45e8-a0a2-bf8c5647cc76,19LYXQR1956K7ZI,INV-63473,2026-04-21,25938.15,0.0,0.0,1296.91,1296.91,2026-05
1fb5b651-c48f-4e9b-9495-ff160aa795d0,09LSGIX0131G2ZQ,RE-26923,2026-05-31,9129.83,228.25,228.25,0.0,456.5,2026-05
64c0eb12-dee9-4f5e-a4d2-e84f8761b53d,09OQIDS9990V7ZW,QT-46164,2026-02-11,110586.05,0.0,0.0,5529.3,5529.3,2026-02
a8e46acd-ab93-4584-a84b-cf7bce15f759,07UQVXC8255M5ZL,INV/26-27/93823,2026-02-19,1592.5,0.0,0.0,79.62,79.62,2026-02
700b51f7-b3e0-46e6-b642-508953bdcb5a,29VHJHS1002E8Z6,RE-92768,2026-05-02,34488.41,0.0,0.0,1724.42,1724.42,2026-05
d24ee919-c320-4036-a89d-95ab86d1aa0b,29VOPVG7752E3ZY,INV/26-27/67404,2026-02-28,54436.51,0.0,0.0,15242.22,15242.22,2026-02
74c290e1-2e1a-42a0-b325-bdfe7e6a3ccd,33NQMLB2128P2Z1,RE-94652,2026-01-11,24317.75,0.0,0.0,6808.97,6808.97,2026-02
10b9da72-e455-4c99-8b3f-49c776c2ea9f,32MIZGW1045V1Z9,RE-53384,2026-03-16,8606.18,0.0,0.0,2409.73,2409.73,2026-03
463ba0bc-c65e-478a-8287-0ddf5b8abb6e,32JTGJQ3646R6ZE,TX-68507,2026-01-22,12209.03,0.0,0.0,610.45,610.45,2026-01
e68f07f7-fe01-4684-ba9d-102d36f2dc45,09RKTAC2178A9ZT,RE-77811,2026-03-11,10211.23,0.0,0.0,2859.14,2859.14,2026-03
b1b1fadf-6f8d-4690-804b-33c87667a6fe,09RKTAC2178A9ZT,INV/26-27/59590,2026-01-28,24136.32,0.0,0.0,2896.36,2896.36,2026-02
83b79412-f683-4960-a230-ce7327dfa719,24KIJSU5001T1Z5,INV-23475,2026-04-08,14899.53,0.0,0.0,744.98,744.98,2026-03
b0480531-9d1c-45a6-8bee-de684bdbd6f8,07TREUM7749S6ZK,INV-04142,2026-04-21,5903.8,0.0,0.0,1653.06,1653.06,2026-04
76b241f0-33a1-46e8-a272-7d0c0b685fb8,24YFPVG6368Z1ZM,TX-56451,2026-02-04,9437.07,0.0,0.0,2642.38,2642.38,2026-01
4a5b7bb9-b527-4cbf-a693-752fcc84e8d4,19RKWYK9023D9ZD,TX-73696,2026-02-10,15954.57,0.0,0.0,4467.28,4467.28,2026-02
2ec93a5c-a87f-4ced-9b04-32d5a62edf2e,19WWLNL7461P5ZL,INV-03690,2026-01-12,5860.32,0.0,0.0,293.02,293.02,2026-01
8ac4e8b3-8017-4e02-b865-b9ea38348407,07AGMWB4616P7ZF,TX-45239,2026-04-02,7419.14,0.0,0.0,890.3,890.3,2026-04
4bf15da4-cd91-4be2-9557-0289cde75b86,27HHPZM1535R7ZT,INV-44250,2026-02-13,12784.51,0.0,0.0,3579.66,3579.66,2026-03
c164d3e3-55ba-47a1-98ca-68bf05d22135,19SHGDF1571G8ZH,QT-65108,2026-05-09,37552.23,0.0,0.0,6759.4,6759.4,2026-05
3aac6fc5-c2c7-4d4f-9406-08a05f72ba05,19LYXQR1956K7ZI,RE-28060,2026-03-15,9336.22,560.17,560.17,0.0,1120.34,2026-04
86fbcc8f-0041-4d54-9102-5b4e7c21a9f9,07AGMWB4616P7ZF,RE-44151,2026-03-11,80952.28,0.0,0.0,9714.27,9714.27,2026-04
48a3ac93-04df-4438-b050-2fa2f5b9aafe,24MLHTC4264V5Z2,QT-56743,2026-05-19,19622.04,0.0,0.0,5494.17,5494.17,2026-04
b310abdd-4b67-49b0-9215-cdccee9f235e,29KTLLC3446J2ZP,INV/26-27/75609,2026-05-08,12180.25,1705.24,1705.24,0.0,3410.48,2026-06
d61ddb5f-c898-4bc5-9a0a-f1615d7f71f7,19LRJDX0800X6Z8,INV/26-27/31507,2026-02-08,6625.39,0.0,0.0,331.27,331.27,2026-02
eb9a5ed2-fe65-47cf-b1aa-86be143eb25a,33NQMLB2128P2Z1,INV/26-27/33613,2026-03-02,9279.12,0.0,0.0,1113.49,1113.49,2026-04
04cf5c69-6efb-41f3-9fdc-5ef79f2ab008,32PYTBX5165B8Z6,TX-55315,2026-01-10,56752.17,0.0,0.0,6810.26,6810.26,2026-02
38ae11fd-56d6-4561-9832-903a9b78a432,27RKHBU3568K1Z7,INV-41145,2026-03-18,99771.18,0.0,0.0,17958.81,17958.81,2026-02
876d87a7-5bcd-470e-b97e-c9695f380a6c,33MHMKR7789T9Z1,INV/26-27/14672,2026-05-27,160233.18,0.0,0.0,28841.97,28841.97,2026-05
6c855f62-910b-467e-a51f-4093e9ec2a36,09LSGIX0131G2ZQ,QT-43161,2026-05-30,290408.07,0.0,0.0,81314.26,81314.26,2026-05
c908444e-6bd2-4c3b-9f88-4f3f43706a3a,09RKTAC2178A9ZT,TX-53527,2026-03-07,3499.78,0.0,0.0,174.99,174.99,2026-03
f6c1ed22-97c0-451b-b0a5-a2d4dfe4c5da,09RKTAC2178A9ZT,INV/26-27/47579,2026-05-02,199020.2,4975.51,4975.51,0.0,9951.02,2026-04
44bbf013-c771-4d78-beaa-9c7bca6d56d6,19NCNYB7854A1ZU,QT-84467,2026-04-15,14977.76,0.0,0.0,4193.77,4193.77,2026-04
499a81a9-3d27-40ce-84dd-670096807726,29VOPVG7752E3ZY,INV-21017,2026-03-08,11450.6,0.0,0.0,2061.11,2061.11,2026-03
9d5b9653-67a4-45b0-b67e-8c44382fdcf7,19NCNYB7854A1ZU,INV/26-27/0404,2026-04-13,9665.38,0.0,0.0,483.27,483.27,2026-05
33cf3523-c8ff-4772-be0b-f50a79274053,07PEESQ9703X4ZS,TX-41865,2026-04-26,47802.61,0.0,0.0,8604.47,8604.47,2026-05
3026be6f-8562-46a6-97d5-498a164fca40,19FEGTT6106B5ZS,INV/26-27/51577,2026-04-07,72177.44,0.0,0.0,3608.87,3608.87,2026-04
f48b562e-642d-42a6-a154-43640f25e44c,32QMUCF6354Q6ZR,QT-91916,2026-02-13,45611.47,0.0,0.0,5473.38,5473.38,2026-03
336a8d56-295b-4065-9695-cc4364e50ed6,09LSGIX0131G2ZQ,INV-94187,2026-05-15,120894.8,0.0,0.0,33850.54,33850.54,2026-05
e3a377f9-7d8e-45d1-b7ba-571aa8c65069,32XEPQM0336F6ZQ,QT-97838,2026-05-07,20780.39,0.0,0.0,2493.65,2493.65,2026-05
e1aa5f00-48a7-4814-b40a-b6bccc7b0db9,19EFUIW7209C4ZQ,TX-23642,2026-04-15,9211.14,0.0,0.0,1105.34,1105.34,2026-04
9e201e6a-66df-4937-a9b3-95ab1e72ab31,33KYRXQ3502N6ZT,INV-61458,2026-02-04,125628.35,7537.7,7537.7,0.0,15075.4,2026-01
b02a0d88-e93e-478c-a8ab-35a7a29ceae4,09VBEHT5216W7ZH,INV-12489,2026-05-23,15840.45,0.0,0.0,2851.28,2851.28,2026-06
3a7c0db8-85b8-449f-9557-8fe52c3fbb68,19UWKQE9898N1ZB,INV-33248,2026-05-10,12686.94,0.0,0.0,2283.65,2283.65,2026-05
c97068c0-6a6f-434c-8d82-7e9b26db34cb,09OQIDS9990V7ZW,INV/26-27/34117,2026-02-13,8184.94,0.0,0.0,2291.78,2291.78,2026-02
761a5997-a723-4984-bb1f-98de58912f2d,32KFKXP6873A6ZJ,TX-36832,2026-04-03,65843.76,0.0,0.0,11851.88,11851.88,2026-04
e11523fb-8311-42d8-bc6c-774c13a4ff2b,33OGUBT7836U3ZV,TX-19827,2026-05-23,123754.19,0.0,0.0,6187.71,6187.71,2026-05
d0da2b7e-8cec-46d8-ad46-3c251d1543f1,07OVPDD3878L4ZF,TX-34109,2026-02-11,8999.04,0.0,0.0,2519.73,2519.73,2026-02
a0d61228-a3aa-4c16-9802-598e45b40d1f,09LSGIX0131G2ZQ,QT-12266,2026-02-22,11266.15,1013.95,1013.95,0.0,2027.9,2026-02
3cf6bdb4-e5e9-4b0d-9afa-24be2b0ebb71,09OQIDS9990V7ZW,INV-68946,2026-05-27,78283.07,0.0,0.0,21919.26,21919.26,2026-05
222cc6dc-2443-43fc-960b-166573fe1db1,33NQMLB2128P2Z1,INV-51665,2026-04-06,183433.89,0.0,0.0,51361.49,51361.49,2026-04
4c2c9bb7-b080-408c-a544-0586c00d9ed7,29WWWJI7780C4ZI,INV-86006,2026-04-26,149391.53,8963.49,8963.49,0.0,17926.98,2026-04
141c8cae-192d-4478-bb32-d7517fc90436,27RKHBU3568K1Z7,INV-71717,2026-04-08,12794.05,0.0,0.0,3582.33,3582.33,2026-05
1dc23889-1775-41c5-acba-68ea2f93fd13,29MBTFR6385C7Z0,TX-37348,2026-02-09,27100.8,0.0,0.0,4878.14,4878.14,2026-03
3c9c2de2-afd6-4056-baef-080ec69ff2a9,27AHFDG3071M9ZE,INV/26-27/64176,2026-04-25,22225.53,3111.57,3111.57,0.0,6223.14,2026-04
