invoice_id,vendor_gstin,vendor_name,invoice_date,invoice_number,taxable_value,cgst,sgst,igst,total_itc_claimed,client_gstin
2818311b-45b4-4fd5-9a0b-dc741638ec68,32MIZGW1045V1Z9,Horizon Solutions,2026-01-26,INV-41771,109075.53,0.0,0.0,13089.06,13089.06,27GOCTV9516R3ZG
8a37c602-f6a0-4cba-9060-d818c25aa9df,33MHMKR7789T9Z1,Genesis Pvt Ltd,2026-01-02,TX-58800,36630.5,0.0,0.0,6593.49,6593.49,19LMSRZ0438H4ZC
6151e4e1-0e72-4a4e-a9ca-27afff0d3336,19BHZYV0269B6ZF,Horizon Enterprises,2026-01-17,RE-59915,196469.19,0.0,0.0,9823.46,9823.46,09TLPJZ1478E3ZR
ceca339a-2712-41d5-a44a-714b38e7f446,07IAKFV1961W5ZW,Ascent Solutions,2026-04-01,TX-00206,14887.15,0.0,0.0,744.36,744.36,09LVEJR7606R4ZA
e1e05edc-c201-495f-9c09-bd279fcbab9c,07TREUM7749S6ZK,Horizon Associates,2026-05-22,RE-66536,17127.1,0.0,0.0,856.36,856.36,32DEMWB8806R1Z5
c7506fd5-330e-4df0-b865-1920b731fab6,29UFUSM5911O9ZZ,Nova Services,2026-03-27,RE-96363,15682.67,0.0,0.0,1881.92,1881.92,09TLPJZ1478E3ZR
fa5e1088-7e41-4d62-b452-822914fd6f4e,33WJOCH2457T9Z1,Nova Solutions,2026-01-17,INV/26-27/17676,1311.8,32.8,32.8,0.0,65.6,33HMOSW5244D2ZR
66eec0dd-bf0d-4e3b-b39b-359dc3f563d0,07TREUM7749S6ZK,Horizon Associates,2026-01-10,TX-33203,9237.94,0.0,0.0,461.9,461.9,24ZYTRS3638O2ZF
553e0509-8595-4254-8e3d-61aa59f67cbe,32XEPQM0336F6ZQ,Ascent Associates,2026-04-22,INV-48238,24451.45,0.0,0.0,4401.26,4401.26,33DTOUN0309Z5ZF
b6659cdd-e759-4752-b193-2a8c4256711c,33KYRXQ3502N6ZT,Pioneer Associates,2026-02-16,TX-78965,16645.66,1498.11,1498.11,0.0,2996.22,33BAOPA7000K2ZW
e1b61756-d438-49c6-a5af-e72ba0c6e79e,24YFPVG6368Z1ZM,Beacon Trading Co,2026-04-25,TX-46078,80546.33,0.0,0.0,22552.97,22552.97,33BAOPA7000K2ZW
dad66b7a-04f7-4fa0-80f1-88b39aa1e4d5,19LYXQR1956K7ZI,Beacon Logistics,2026-05-12,TX-47620,3812.56,0.0,0.0,1067.52,1067.52,27OSSKL2871N6ZH
d4327f9b-9575-4e55-88fc-bc6c09f51e4e,33JJHSA8308Y1ZV,Zenith Enterprises,2026-01-09,TX-74350,8167.22,0.0,0.0,980.07,980.07,27GOCTV9516R3ZG
4274eeb9-54fe-4422-a30a-2527224a091d,09SSLRY7669N2ZY,Delta Logistics,2026-02-17,INV-03397,14606.6,0.0,0.0,2629.19,2629.19,29KPMGO9618Y5ZL
e9e1cbd0-1c1e-4f42-8e8a-8955b5c799d3,07VUDGQ8518D5Z5,Quantum Solutions,2026-05-06,QT-90962,2366.0,0.0,0.0,118.3,118.3,29FYWIR3942H9ZY
6d228f1b-0158-4f1c-8e1a-ebc34d06133c,24OUECW6291O5ZT,Sigma Pvt Ltd,2026-05-19,INV-72090,15232.62,0.0,0.0,1827.91,1827.91,33DTOUN0309Z5ZF
7adb3062-1ae7-4d8b-a273-783fca48d780,32QMUCF6354Q6ZR,Eclipse Services,2026-05-07,INV/26-27/31030,29620.43,0.0,0.0,3554.45,3554.45,09VQWPS0220H2ZO
e7e7aec2-6691-4063-9911-b2a0147fd1e0,32JTGJQ3646R6ZE,Alpha Industries,2026-04-16,TX-68904,17998.88,0.0,0.0,3239.8,3239.8,29HEASS9751U5ZW
702b2f4d-d205-4930-a23c-73f29172c1d4,19IYITE9127Q9ZX,BlueStar Services,2026-04-21,INV/26-27/16913,26200.98,0.0,0.0,3144.12,3144.12,33EMFKB3927O5ZR
e084a61b-fc32-4b20-8946-3bf4e5da59b1,29KTLLC3446J2ZP,Apex Services,2026-03-06,QT-10337,90656.0,0.0,0.0,16318.08,16318.08,27GOCTV9516R3ZG
71dcfe33-e893-4311-9c8b-eacdd95e5a69,19IYITE9127Q9ZX,BlueStar Services,2026-02-13,RE-20211,78455.19,0.0,0.0,3922.76,3922.76,32JZQOR8720K7ZH
8f9b7223-7bc5-4d6e-83a5-99206d9758e1,33KYRXQ3502N6ZT,Pioneer Associates,2026-05-28,INV-84077,6176.91,0.0,0.0,308.85,308.85,29AHFTR8040G4ZW
f39aab70-3319-4495-a90e-ea78754c26a6,24VZGOJ9588I7ZL,Trident Solutions,2026-04-14,TX-32097,19514.89,0.0,0.0,2341.79,2341.79,29HEASS9751U5ZW
fe0c9bf8-7631-42a5-9b9a-909e6bba5699,24OUECW6291O5ZT,Sigma Pvt Ltd,2026-04-05,TX-17140,8525.48,0.0,0.0,426.27,426.27,33DTOUN0309Z5ZF
fbf52177-1c9d-40db-9d65-2edc82833b9d,24UWVGU1882O6ZJ,Delta Enterprises,2026-04-18,QT-50352,60776.52,0.0,0.0,10939.77,10939.77,09VQWPS0220H2ZO
d47e4109-776e-4202-ab09-2cfcec65b52e,09OQIDS9990V7ZW,Summit Pvt Ltd,2026-01-13,QT-06378,89096.33,0.0,0.0,24946.97,24946.97,29FYWIR3942H9ZY
7a43067c-2159-48a7-bf09-d1928f241607,32CBLIG0985A5Z2,Quantum Associates,2026-04-04,QT-52856,3014.8,0.0,0.0,542.66,542.66,09LVEJR7606R4ZA
6a567903-ef08-409b-8331-3372fef08fea,29MXBCP0265K7ZX,Zenith Associates,2026-01-31,RE-36664,6603.55,0.0,0.0,1188.64,1188.64,32DEMWB8806R1Z5
f202dfa0-27cd-4f7d-9999-121e68814c02,32QMUCF6354Q6ZR,Eclipse Services,2026-04-13,RE-66732,12924.51,0.0,0.0,3618.86,3618.86,09LVEJR7606R4ZA
baf792b6-dce6-41ac-8b78-d3434a1c128c,19WWLNL7461P5ZL,Nova Trading Co,2026-02-11,RE-41751,113974.22,0.0,0.0,20515.36,20515.36,09LVEJR7606R4ZA
224299df-dd9e-4af9-b469-88d4d8799a0f,07BSZNP3937V1ZL,Radiant Services,2026-01-05,QT-62246,57977.12,0.0,0.0,2898.86,2898.86,19LMSRZ0438H4ZC
7bef535a-12f7-4db4-b517-b6648c04df6c,29OKGWZ6106L5ZP,Horizon Industries,2026-01-14,INV/26-27/94556,3990.16,0.0,0.0,1117.24,1117.24,32EHZPO7055Q3Z3
723c656d-0fdb-4832-bbe8-7d4e341e042a,29OKGWZ6106L5ZP,Horizon Industries,2026-01-05,INV-25007,18679.44,0.0,0.0,2241.53,2241.53,27OSSKL2871N6ZH
04a829fc-93a7-46fc-a2bb-1cbfdaef0ab9,27RKHBU3568K1Z7,Sigma Logistics,2026-02-23,INV/26-27/67985,20788.18,0.0,0.0,3741.87,3741.87,19LMSRZ0438H4ZC
f0a8930f-e71f-42e9-a356-c7d21b1ab175,07VUDGQ8518D5Z5,Quantum Solutions,2026-03-05,TX-25201,96930.58,0.0,0.0,27140.56,27140.56,29KPMGO9618Y5ZL
526aa233-a2b5-4cd9-b382-dd82ae1a0e3b,33NQMLB2128P2Z1,Alpha Enterprises,2026-05-20,INV-75167,13554.07,0.0,0.0,677.7,677.7,29KPMGO9618Y5ZL
b27c019c-4b29-4022-969b-879ae41b1e92,33WJOCH2457T9Z1,Nova Solutions,2026-05-18,INV/26-27/26486,29592.7,0.0,0.0,1479.64,1479.64,29KPMGO9618Y5ZL
1055af5a-c406-4fee-9d84-0d5d06127bd8,24UWVGU1882O6ZJ,Delta Enterprises,2026-03-01,RE-29580,13207.33,0.0,0.0,660.37,660.37,09TLPJZ1478E3ZR
fa512a0d-ade1-41f6-b2ec-3cbd087fb01e,29OFSTE6718J2Z1,Zenith Trading Co,2026-05-02,TX-85576,8780.84,0.0,0.0,439.04,439.04,33EMFKB3927O5ZR
2017ac75-a937-4506-8a90-3d0ce86801e6,19BQAKM4384E7ZB,Eclipse Solutions,2026-01-10,TX-23041,16314.0,0.0,0.0,2936.52,2936.52,27OSSKL2871N6ZH
e81af021-3704-47a6-9c89-054aa111acef,24VZGOJ9588I7ZL,Trident Solutions,2026-01-28,RE-79008,13328.32,0.0,0.0,3731.93,3731.93,29AHFTR8040G4ZW
3e8bd237-a949-43bb-9257-517348695579,24MLHTC4264V5Z2,Delta Trading Co,2026-02-19,TX-35762,6793.12,0.0,0.0,1222.76,1222.76,09LVEJR7606R4ZA
6f752c3f-082c-4db0-b55a-02a4bbf70a5d,07IAKFV1961W5ZW,Ascent Solutions,2026-02-19,RE-88396,99582.95,0.0,0.0,4979.15,4979.15,33DTOUN0309Z5ZF
c9874b77-aec9-447f-9870-3b308c2d2dbd,33WJOCH2457T9Z1,Nova Solutions,2026-01-02,QT-32513,2721.44,0.0,0.0,489.86,489.86,09LVEJR7606R4ZA
18b6ef64-d978-4f79-a13c-512a3bd7d198,32CBLIG0985A5Z2,Quantum Associates,2026-03-02,QT-90803,7992.12,0.0,0.0,2237.79,2237.79,29AHFTR8040G4ZW
48fe771e-9f3b-45b6-8211-4d5bef2f4f6f,09LSGIX0131G2ZQ,Infinity Services,2026-02-26,QT-48175,10190.32,0.0,0.0,1834.26,1834.26,29HEASS9751U5ZW
6087f03e-f8e7-4627-b496-6d174d8061be,07BQNFU3961D3ZG,Omega Logistics,2026-03-05,INV/26-27/99859,62796.59,0.0,0.0,17583.05,17583.05,19LMSRZ0438H4ZC
dddff579-8287-48b1-aefa-008232fec311,32PSNVO8742H5ZX,Starlight Enterprises,2026-05-10,INV-71782,27182.62,3805.57,3805.57,0.0,7611.14,32EHZPO7055Q3Z3
8e0a4e67-c78a-4c2a-8fc6-2474bedf926d,27ESIIA8541U1Z5,Eclipse Enterprises,2026-04-25,INV-66896,20395.1,0.0,0.0,5710.63,5710.63,32EHZPO7055Q3Z3
8daabbd3-6964-4825-acf2-5e05aaddd060,29YDDCO2672U5ZW,Starlight Solutions,2026-01-01,TX-33353,29403.29,2646.3,2646.3,0.0,5292.6,29HEASS9751U5ZW
679a5a69-e5f5-4223-83c9-d82b3ce42f5d,09APIUL9181B7Z0,Trident Enterprises,2026-03-15,TX-04160,264226.38,0.0,0.0,73983.39,73983.39,27OSSKL2871N6ZH
8abced48-cf7d-489e-ade9-7dcc8b663416,07CHTED5959F5ZU,Zenith Services,2026-05-19,TX-10519,57614.61,0.0,0.0,16132.09,16132.09,33HMOSW5244D2ZR
4bb05769-43c5-484c-9fb3-00f83d83f2a3,19YFSGK6237C1ZT,Nova Industries,2026-04-29,INV-39108,30196.4,0.0,0.0,3623.57,3623.57,09TLPJZ1478E3ZR
4c2ceffc-09fb-4426-a026-2fbf2228f44e,19EFUIW7209C4ZQ,Starlight Enterprises,2026-04-18,INV-04223,14011.17,0.0,0.0,700.56,700.56,29KPMGO9618Y5ZL
0df6e6aa-f1d0-4489-aadc-d099748f7dd1,09SSLRY7669N2ZY,Delta Logistics,2026-04-23,INV-52726,3941.91,0.0,0.0,709.54,709.54,27OSSKL2871N6ZH
3acd82c9-e253-4fdb-857a-4826934299e7,33OGUBT7836U3ZV,BlueStar Logistics,2026-03-24,RE-78371,26758.29,0.0,0.0,4816.49,4816.49,32EHZPO7055Q3Z3
1c85c952-de0d-475e-b9ce-630bd5673168,29VOPVG7752E3ZY,Sigma Logistics,2026-01-13,RE-64963,58902.46,0.0,0.0,16492.69,16492.69,32JZQOR8720K7ZH
b974cf5c-450d-491c-acbb-4daf011aa316,07BQNFU3961D3ZG,Omega Logistics,2026-02-27,TX-31585,224171.15,0.0,0.0,11208.56,11208.56,32JZQOR8720K7ZH
d4cd96b0-a7c3-4672-9e13-860f87b0d83b,07UQVXC8255M5ZL,Delta Services,2026-03-04,INV/26-27/50911,16993.26,0.0,0.0,4758.11,4758.11,33EMFKB3927O5ZR
87da811a-e50e-4e51-9230-7a4d4bffe937,07BQNFU3961D3ZG,Omega Logistics,2026-03-10,INV/26-27/6756,31100.88,777.52,777.52,0.0,1555.04,07FTCJJ3204D7Z5
099e2227-84b5-462f-b06e-f61e8130aee9,33WJOCH2457T9Z1,Nova Solutions,2026-02-22,INV/26-27/91178,11259.54,0.0,0.0,2026.72,2026.72,09VQWPS0220H2ZO
7a3506b9-23b2-4a46-90ad-fbf3131331b7,27HHPZM1535R7ZT,Matrix Enterprises,2026-05-12,QT-47140,17414.8,2438.07,2438.07,0.0,4876.14,27GOCTV9516R3ZG
c1dc08a9-973b-499a-b3f5-fc70ee99c1ac,19FEGTT6106B5ZS,BlueStar Services,2026-01-12,QT-54255,12684.94,0.0,0.0,2283.29,2283.29,29FYWIR3942H9ZY
15814703-0aee-40b4-b692-b0c6de6db02c,07IAKFV1961W5ZW,Ascent Solutions,2026-03-26,INV/26-27/25716,30045.76,0.0,0.0,5408.24,5408.24,33BAOPA7000K2ZW
c944473b-4802-4b4a-b7b6-07b8b06ebe2c,24CSWQT7242K8ZP,Infinity Industries,2026-04-01,INV/26-27/96046,60257.19,0.0,0.0,3012.86,3012.86,19LMSRZ0438H4ZC
e351d7e4-ef81-49b4-8453-5cfe84fb7bf3,24UWVGU1882O6ZJ,Delta Enterprises,2026-02-05,INV-54054,3759.14,0.0,0.0,187.96,187.96,07FTCJJ3204D7Z5
2fe24ea0-2f12-4715-8cff-13a1d21f9430,32XDLYF4300Q6ZF,Genesis Industries,2026-05-05,RE-63335,27796.12,0.0,0.0,1389.81,1389.81,27OSSKL2871N6ZH
2f645ea2-f117-4a00-b04c-75fd625d8574,29YDDCO2672U5ZW,Starlight Solutions,2026-04-21,RE-91470,6507.69,585.69,585.69,0.0,1171.38,29HEASS9751U5ZW
6f1e78c8-bbe4-4de5-93af-41f7ae0d1596,32XHKDY3408E7ZT,Summit Trading Co,2026-03-04,TX-74056,4162.28,0.0,0.0,208.11,208.11,27GOCTV9516R3ZG
6bb32e0f-10f5-41ea-99b8-aabf3c77b2d7,33NUYTR2660Y4ZJ,Delta Enterprises,2026-04-07,TX-49711,6421.34,0.0,0.0,1797.98,1797.98,27OSSKL2871N6ZH
3a52ef8d-a949-4c1c-ab7f-5f4a28bc5440,07UQVXC8255M5ZL,Delta Services,2026-02-24,INV-30116,61929.22,0.0,0.0,11147.26,11147.26,09VQWPS0220H2ZO
8bbb899b-adcb-4166-886b-ac47e4a7ec40,07TREUM7749S6ZK,Horizon Associates,2026-01-09,RE-86260,12278.11,0.0,0.0,3437.87,3437.87,29KPMGO9618Y5ZL
026a938c-5d9f-4fd0-924a-c1de154dc29b,29WWWJI7780C4ZI,Delta Industries,2026-02-05,TX-99040,37906.85,0.0,0.0,6823.23,6823.23,33EMFKB3927O5ZR
e251f07f-a31f-422f-a4ce-041b5267b2e7,24ZTSCE2030L6ZR,Horizon Enterprises,2026-04-12,RE-80461,9349.67,0.0,0.0,2617.91,2617.91,07FTCJJ3204D7Z5
6ea660a0-b236-4348-8787-b239c1f15907,29RAAUG3107Q2Z4,Starlight Associates,2026-05-30,INV/26-27/89089,2653.57,0.0,0.0,318.43,318.43,24ZYTRS3638O2ZF
dc3ccde9-e3ee-42b9-8314-1affcc7a685f,07CHTED5959F5ZU,Zenith Services,2026-04-10,INV/26-27/96949,13404.55,0.0,0.0,2412.82,2412.82,09LVEJR7606R4ZA
e45bbd0d-a626-4e4a-9143-8e3b5d22d101,29MXBCP0265K7ZX,Zenith Associates,2026-05-12,RE-72711,5489.11,0.0,0.0,274.46,274.46,33BAOPA7000K2ZW
99071fe4-47b5-4808-b590-e53a7f56f9bf,29NNDJB2245J9Z0,Meridian Solutions,2026-04-10,QT-54239,71031.07,0.0,0.0,8523.73,8523.73,24ZYTRS3638O2ZF
f5241c15-d202-41e0-ac76-2bb2bc93ef89,24YFPVG6368Z1ZM,Beacon Trading Co,2026-03-19,INV/26-27/35248,10350.23,931.52,931.52,0.0,1863.04,24ZYTRS3638O2ZF
97997706-07dd-433e-8c16-b47d8e78793d,33JJHSA8308Y1ZV,Zenith Enterprises,2026-05-07,QT-32322,12310.02,0.0,0.0,2215.8,2215.8,07FTCJJ3204D7Z5
6fda5422-6c45-4c17-972b-1ffc6a0aeb79,07CHTED5959F5ZU,Zenith Services,2026-03-27,QT-57701,167481.28,0.0,0.0,20097.75,20097.75,29WBBWK9550C7ZX
7a4924be-b0f8-4cac-9ce4-53f70db4be6e,19WWLNL7461P5ZL,Nova Trading Co,2026-04-11,TX-36740,75475.02,0.0,0.0,9057.0,9057.0,09TLPJZ1478E3ZR
72c4d90c-b0cd-476b-924b-e81ac843e5c4,19SHGDF1571G8ZH,Eclipse Solutions,2026-01-18,TX-38186,69571.46,0.0,0.0,19480.01,19480.01,33HMOSW5244D2ZR
dd59b009-0d71-4230-a9b9-82d601712d9f,27TBYFB9002A3ZF,Horizon Associates,2026-01-19,TX-49413,40239.41,0.0,0.0,11267.03,11267.03,29KPMGO9618Y5ZL
6708ce21-06c2-4093-ad36-f01a3ee88ff7,07BQNFU3961D3ZG,Omega Logistics,2026-01-22,RE-83648,5293.57,0.0,0.0,635.23,635.23,27GOCTV9516R3ZG
c2036c37-4876-4328-b763-47dba823ba1f,29WWWJI7780C4ZI,Delta Industries,2026-01-03,TX-13887,2589.62,0.0,0.0,310.75,310.75,24ZYTRS3638O2ZF
4dfe7aef-21cb-4717-85f0-9497b052a7f1,24MLHTC4264V5Z2,Delta Trading Co,2026-01-07,INV/26-27/45216,51382.22,0.0,0.0,9248.8,9248.8,32EHZPO7055Q3Z3
63428022-35b2-41de-953d-7e6d80ab19ff,24OUECW6291O5ZT,Sigma Pvt Ltd,2026-04-23,TX-12796,22360.62,0.0,0.0,1118.03,1118.03,19LMSRZ0438H4ZC
19fe7eaa-f53c-4a05-9d8e-b584e7bcbd37,29YDDCO2672U5ZW,Starlight Solutions,2026-01-28,QT-84931,13113.61,0.0,0.0,1573.63,1573.63,09VQWPS0220H2ZO
57acaa8a-e213-4f3f-9174-decf4dc0e74a,29ZDTPU2544S7ZJ,Vanguard Pvt Ltd,2026-02-17,TX-82544,42437.49,0.0,0.0,5092.5,5092.5,33HMOSW5244D2ZR
1d5be9e2-5c4f-488b-8934-50ab98370ef2,29VHJHS1002E8Z6,Apex Solutions,2026-01-17,INV/26-27/36484,94028.75,8462.59,8462.59,0.0,16925.18,29AHFTR8040G4ZW
6bcb45a6-383e-4645-a5ea-e87e4b6d222f,27ESIIA8541U1Z5,Eclipse Enterprises,2026-03-22,RE-83770,43253.46,0.0,0.0,7785.62,7785.62,29KPMGO9618Y5ZL
5777e2f3-815c-4c91-849e-d973b2870a81,24VZGOJ9588I7ZL,Trident Solutions,2026-01-22,RE-77355,14986.72,0.0,0.0,749.34,749.34,32JZQOR8720K7ZH
cb847419-5505-40b3-aae0-7f3aa3a80d40,29MBTFR6385C7Z0,Sigma Industries,2026-02-05,TX-78175,18239.75,0.0,0.0,2188.77,2188.77,32DEMWB8806R1Z5
e68d4cec-2757-49ac-87ff-0b240da71a9e,32MVPIG9247S7ZL,Apex Associates,2026-01-14,QT-59114,150964.23,0.0,0.0,18115.71,18115.71,09LVEJR7606R4ZA
ab8a357a-e92d-42ea-9316-283f0ec6e71d,24MLHTC4264V5Z2,Delta Trading Co,2026-05-06,TX-53627,97586.64,0.0,0.0,4879.33,4879.33,33EMFKB3927O5ZR
fc0a9d1b-3c21-4480-b3ce-b96623780226,07IAKFV1961W5ZW,Ascent Solutions,2026-02-27,INV-36026,7054.08,0.0,0.0,1975.14,1975.14,09TLPJZ1478E3ZR
5a8e4f57-fb1d-48fa-b987-3c53f0aecb19,32XEPQM0336F6ZQ,Ascent Associates,2026-05-19,RE-48086,51884.31,0.0,0.0,2594.22,2594.22,09VQWPS0220H2ZO
6443a42b-1999-4aff-a7e8-88bfbfd27bd3,19NCNYB7854A1ZU,Genesis Trading Co,2026-02-23,INV-31057,32818.14,0.0,0.0,9189.08,9189.08,07FTCJJ3204D7Z5
5fce516b-42cd-4834-bbe3-7e6c7e9124fc,19SHGDF1571G8ZH,Eclipse Solutions,2026-03-31,INV-74721,31563.78,0.0,0.0,5681.48,5681.48,29FYWIR3942H9ZY
c40b1b1e-960c-4978-93db-a4a2aab5bc65,07AGMWB4616P7ZF,Horizon Pvt Ltd,2026-04-16,INV/26-27/98317,4164.85,0.0,0.0,499.78,499.78,32DEMWB8806R1Z5
00bc35c3-0d10-49f3-8e7d-943dba1bc304,29QDMBJ2373Y7ZG,Radiant Associates,2026-03-10,RE-82891,18807.95,0.0,0.0,940.4,940.4,19LMSRZ0438H4ZC
d88d4391-c24f-45ac-b90a-8c994ac8978d,24CSWQT7242K8ZP,Infinity Industries,2026-05-29,TX-42899,205143.64,0.0,0.0,57440.22,57440.22,27GOCTV9516R3ZG
7dfa9058-c155-44c2-8aad-8142a1f45602,07BQNFU3961D3ZG,Omega Logistics,2026-04-20,TX-28552,24438.92,2199.5,2199.5,0.0,4399.0,07FTCJJ3204D7Z5
8ad6be37-8eb8-4fe8-b845-50eb79ec2f3f,27ESIIA8541U1Z5,Eclipse Enterprises,2026-01-13,QT-89464,121868.4,0.0,0.0,6093.42,6093.42,32EHZPO7055Q3Z3
0e155eea-2b7d-4309-842e-58f205559611,24CSWQT7242K8ZP,Infinity Industries,2026-02-21,INV-56073,1000.0,0.0,0.0,180.0,180.0,33HMOSW5244D2ZR
f9cb94b5-a0d8-4d30-b399-3f6ce6ca6c0b,19FEGTT6106B5ZS,BlueStar Services,2026-04-12,INV/26-27/6788,166156.85,0.0,0.0,46523.92,46523.92,07FTCJJ3204D7Z5
1ba90086-8047-4763-8902-dbf07697d20e,29VHJHS1002E8Z6,Apex Solutions,2026-02-03,TX-10216,26692.35,667.31,667.31,0.0,1334.62,29AHFTR8040G4ZW
38765826-8164-4ef1-b0b2-28692f2b9a29,32KFKXP6873A6ZJ,Genesis Trading Co,2026-02-28,TX-09284,42161.75,0.0,0.0,7589.11,7589.11,33BAOPA7000K2ZW
ce744889-d814-42b7-929b-960fe97dea73,33MHMKR7789T9Z1,Genesis Pvt Ltd,2026-05-16,INV/26-27/8967,32587.92,0.0,0.0,5865.83,5865.83,24ZYTRS3638O2ZF
6cd047c5-a2d1-4194-97c4-badf227b231f,07XRVQY2624H6Z6,Meridian Services,2026-04-24,RE-89990,88100.02,0.0,0.0,24668.01,24668.01,09LVEJR7606R4ZA
57559e4e-53bf-4c9d-b859-2e58f7e4b54d,09SSLRY7669N2ZY,Delta Logistics,2026-01-22,QT-84492,52350.32,4711.53,4711.53,0.0,9423.06,09LVEJR7606R4ZA
ee4668bb-de48-4798-83c5-926f138a6d6f,19SHGDF1571G8ZH,Eclipse Solutions,2026-05-11,RE-79552,13229.34,0.0,0.0,1587.52,1587.52,29HEASS9751U5ZW
4db71083-0b97-4580-bd57-448eeaf18e3c,07PEESQ9703X4ZS,Nova Solutions,2026-01-04,INV-69244,138818.43,0.0,0.0,24987.32,24987.32,19LMSRZ0438H4ZC
ac9c1a4b-dbac-4f78-b0f4-8dc80a7ca051,19LYXQR1956K7ZI,Beacon Logistics,2026-01-18,INV-76987,115181.9,10366.37,10366.37,0.0,20732.74,19LMSRZ0438H4ZC
34d91c6b-3e54-4636-825c-2bf8d626a776,29VOPVG7752E3ZY,Sigma Logistics,2026-05-18,TX-10804,10483.92,0.0,0.0,524.2,524.2,33BAOPA7000K2ZW
a8627146-ea65-46bf-aac4-b08e6e56ebcb,27RKHBU3568K1Z7,Sigma Logistics,2026-04-22,INV/26-27/11301,31718.02,0.0,0.0,3806.16,3806.16,09TLPJZ1478E3ZR
cc798a25-8c8d-4501-bb47-8dc322557ef9,29OFSTE6718J2Z1,Zenith Trading Co,2026-05-14,TX-45444,60856.97,5477.13,5477.13,0.0,10954.26,29AHFTR8040G4ZW
a22155cf-3a85-4e04-a217-6615d98def73,09LSGIX0131G2ZQ,Infinity Services,2026-04-20,INV-43911,29465.48,0.0,0.0,8250.33,8250.33,29KPMGO9618Y5ZL
d4aff08f-5fe4-4508-953b-210db28f35ee,24YFPVG6368Z1ZM,Beacon Trading Co,2026-03-07,QT-20619,299735.78,0.0,0.0,14986.79,14986.79,32EHZPO7055Q3Z3
9a837181-4d9a-402b-8236-672deabf8a05,29NNDJB2245J9Z0,Meridian Solutions,2026-05-01,INV/26-27/6027,71229.02,0.0,0.0,3561.45,3561.45,27OSSKL2871N6ZH
ff383a75-bc2c-4f56-9dba-8551c2ba44b5,32MIZGW1045V1Z9,Horizon Solutions,2026-04-17,QT-32541,2950.26,0.0,0.0,531.05,531.05,33BAOPA7000K2ZW
e4c6971e-20dd-4403-bba0-b76bba44f370,19BQAKM4384E7ZB,Eclipse Solutions,2026-01-12,INV/26-27/67604,4726.66,0.0,0.0,850.8,850.8,27OSSKL2871N6ZH
e0f00ab6-dbdc-4e9f-baf7-e3831e09ad2a,29MQUPJ0403J2Z5,Nova Trading Co,2026-04-05,TX-01045,29992.52,0.0,0.0,3599.1,3599.1,07FTCJJ3204D7Z5
877c85b0-623c-4b08-b88b-61b603b754ad,09RKTAC2178A9ZT,Infinity Pvt Ltd,2026-03-01,INV-05755,28452.0,2560.68,2560.68,0.0,5121.36,09LVEJR7606R4ZA
46bbffbf-fc56-408b-b611-34de7c80e6f5,07AGMWB4616P7ZF,Horizon Pvt Ltd,2026-04-11,RE-17500,31796.26,0.0,0.0,3815.55,3815.55,32EHZPO7055Q3Z3
ed35e58d-241a-4514-96cf-9cf3594d04b8,32JTGJQ3646R6ZE,Alpha Industries,2026-04-26,QT-41689,8281.86,0.0,0.0,414.09,414.09,33DTOUN0309Z5ZF
0d5e0bf2-7bec-499f-a922-df55d4817e54,33OGUBT7836U3ZV,BlueStar Logistics,2026-05-18,TX-15826,68555.68,9597.8,9597.8,0.0,19195.6,33HMOSW5244D2ZR
8f3dbb09-a130-47ac-a5b2-496dcca97751,27AHFDG3071M9ZE,Trident Services,2026-03-18,INV-88760,17338.85,0.0,0.0,2080.66,2080.66,24ZYTRS3638O2ZF
18b857a9-406d-4468-800a-d75621b41b3e,09LSGIX0131G2ZQ,Infinity Services,2026-02-26,INV-08084,71785.09,1794.63,1794.63,0.0,3589.26,09LVEJR7606R4ZA
babb62b7-7036-40b0-85a8-d2aaee89713a,29YDDCO2672U5ZW,Starlight Solutions,2026-04-24,INV-25920,51260.65,0.0,0.0,14352.98,14352.98,07FTCJJ3204D7Z5
c9006c01-c528-4315-ba6b-e56405cf9c3c,32JTGJQ3646R6ZE,Alpha Industries,2026-04-08,TX-03865,10532.9,0.0,0.0,1263.95,1263.95,33BAOPA7000K2ZW
2081d94e-b8d4-486e-b68b-2b62f280a5c9,07OVPDD3878L4ZF,Meridian Industries,2026-03-04,RE-81157,24356.03,0.0,0.0,6819.69,6819.69,09LVEJR7606R4ZA
87ab33df-ad9c-4aa3-89eb-2c69d0671f3e,19BHZYV0269B6ZF,Horizon Enterprises,2026-05-15,INV/26-27/84234,5005.06,0.0,0.0,900.91,900.91,09LVEJR7606R4ZA
477b38e2-d80b-434e-aaa3-cbbf385a7c2e,07BSZNP3937V1ZL,Radiant Services,2026-04-10,RE-42154,2352.24,0.0,0.0,658.63,658.63,27GOCTV9516R3ZG
53c4de04-b593-4645-b60c-60cd1fc0da8f,29OFSTE6718J2Z1,Zenith Trading Co,2026-03-03,INV-32488,64144.16,0.0,0.0,7697.3,7697.3,09TLPJZ1478E3ZR
bf7d479c-2fb0-43c5-8ea5-ec54def0d657,19IYITE9127Q9ZX,BlueStar Services,2026-04-01,INV-92203,33513.85,0.0,0.0,4021.66,4021.66,27GOCTV9516R3ZG
baed974b-0d34-44d2-8ef4-65cdc9bd1b39,07TREUM7749S6ZK,Horizon Associates,2026-05-06,QT-23011,2505.51,0.0,0.0,125.28,125.28,19LMSRZ0438H4ZC
801c7671-ab1e-4d7f-8b6f-fe9d74bde362,32KFKXP6873A6ZJ,Genesis Trading Co,2026-02-15,QT-93971,70814.31,0.0,0.0,3540.72,3540.72,29FYWIR3942H9ZY
f2997fc8-d2a2-49ef-8336-9e5bc4f64273,32PSNVO8742H5ZX,Starlight Enterprises,2026-01-19,RE-47827,111883.53,0.0,0.0,5594.18,5594.18,09LVEJR7606R4ZA
fefa1f2d-5e24-4f97-9fe8-268c30124ef8,29RAAUG3107Q2Z4,Starlight Associates,2026-03-23,TX-85090,6209.95,0.0,0.0,745.19,745.19,32JZQOR8720K7ZH
0ce0fa89-924b-4e40-9204-6f60204296b2,32KFKXP6873A6ZJ,Genesis Trading Co,2026-01-01,INV/26-27/95530,113352.34,0.0,0.0,5667.62,5667.62,29HEASS9751U5ZW
1bbb2a63-34b9-4530-9a9d-d2692c65cdc6,32MIZGW1045V1Z9,Horizon Solutions,2026-05-08,RE-13646,48185.84,0.0,0.0,8673.45,8673.45,29WBBWK9550C7ZX
c952cf65-e8a2-4af0-9ce4-5b485509c4ed,29WWWJI7780C4ZI,Delta Industries,2026-03-09,TX-01494,45810.41,0.0,0.0,2290.52,2290.52,07FTCJJ3204D7Z5
a5547f0e-dc37-4957-9656-b90b9fb880ca,19BHZYV0269B6ZF,Horizon Enterprises,2026-05-07,INV/26-27/54267,15210.03,0.0,0.0,4258.81,4258.81,33HMOSW5244D2ZR
d8adb581-3751-43bb-a2c4-4d9c9f46de1b,29OFSTE6718J2Z1,Zenith Trading Co,2026-01-09,TX-09662,9541.32,0.0,0.0,477.07,477.07,09TLPJZ1478E3ZR
931efb89-a2ea-40a5-88b2-b63a96e174c4,27CLHAU6275N9Z0,Vertex Industries,2026-02-12,TX-85674,21523.01,0.0,0.0,3874.14,3874.14,19LMSRZ0438H4ZC
2896228e-8c9c-4776-811c-c83b37477751,07TREUM7749S6ZK,Horizon Associates,2026-03-14,QT-86586,6309.26,0.0,0.0,1766.59,1766.59,33EMFKB3927O5ZR
2aaa94b9-2ffe-44fc-8ece-949580a8102c,33NUYTR2660Y4ZJ,Delta Enterprises,2026-05-03,QT-86773,15571.0,389.28,389.28,0.0,778.56,33BAOPA7000K2ZW
2cf75855-3314-4875-9016-e9c72d450967,32CBLIG0985A5Z2,Quantum Associates,2026-05-20,INV-84131,16167.19,0.0,0.0,1940.06,1940.06,19LMSRZ0438H4ZC
394dbd23-be73-47e8-bc57-41d8cd78bae7,32CBLIG0985A5Z2,Quantum Associates,2026-05-25,INV/26-27/35201,118365.8,0.0,0.0,5918.29,5918.29,33HMOSW5244D2ZR
d7e0578a-912e-4414-90f0-e40b975b1b2b,19IYITE9127Q9ZX,BlueStar Services,2026-01-16,INV/26-27/72562,76686.28,0.0,0.0,21472.16,21472.16,33BAOPA7000K2ZW
be39faf8-bb26-489e-aa4c-10f97d1162f3,33KYRXQ3502N6ZT,Pioneer Associates,2026-01-09,TX-93626,65021.89,0.0,0.0,3251.09,3251.09,29HEASS9751U5ZW
e469452d-1d46-4a63-94ea-1643892e0a18,19EFUIW7209C4ZQ,Starlight Enterprises,2026-04-19,INV/26-27/5594,39829.71,0.0,0.0,4779.57,4779.57,29FYWIR3942H9ZY
5253fc3b-9fe6-46bd-82aa-3fcd24405441,33OGUBT7836U3ZV,BlueStar Logistics,2026-04-10,INV-11407,52439.21,0.0,0.0,14682.98,14682.98,29KPMGO9618Y5ZL
8adfc3be-6072-450a-b0a7-a50bb9372f19,19BHZYV0269B6ZF,Horizon Enterprises,2026-05-26,INV/26-27/19425,183563.77,0.0,0.0,9178.19,9178.19,09VQWPS0220H2ZO
a7fd72db-4725-439e-9a38-73a31b8067c8,07XRVQY2624H6Z6,Meridian Services,2026-05-05,QT-50207,23224.67,0.0,0.0,6502.91,6502.91,27GOCTV9516R3ZG
e9c9e7bd-f478-4946-a639-78a549b0cc64,07OVPDD3878L4ZF,Meridian Industries,2026-03-02,TX-43450,23161.56,0.0,0.0,4169.08,4169.08,24ZYTRS3638O2ZF
319264e4-9662-4b33-aaf2-c7f6ce5fc313,27HHPZM1535R7ZT,Matrix Enterprises,2026-01-26,QT-64438,11152.28,0.0,0.0,3122.64,3122.64,29HEASS9751U5ZW
5f90fdf3-d4f4-4891-9277-0223febdbddc,32GGZUX1654Y5ZO,Trident Trading Co,2026-04-24,INV-24634,325946.03,0.0,0.0,58670.29,58670.29,33BAOPA7000K2ZW
17efcd70-3056-4627-a8b7-0490c8691589,29OFSTE6718J2Z1,Zenith Trading Co,2026-05-10,INV-40780,83610.48,0.0,0.0,4180.52,4180.52,32DEMWB8806R1Z5
12ca9320-d4bd-41b4-b734-67d099723be7,27RKHBU3568K1Z7,Sigma Logistics,2026-04-27,INV/26-27/4335,17345.77,0.0,0.0,3122.24,3122.24,29FYWIR3942H9ZY
7c192c92-015b-47e8-976b-f42b939b6d9e,32JTGJQ3646R6ZE,Alpha Industries,2026-01-08,INV-89283,23821.04,3334.95,3334.95,0.0,6669.9,32DEMWB8806R1Z5
42950f53-a778-4547-9bca-6f438faf9564,32CBLIG0985A5Z2,Quantum Associates,2026-01-08,INV-37365,4903.2,294.19,294.19,0.0,588.38,32JZQOR8720K7ZH
85a746e5-dcac-43fe-b670-be0c92c44928,19SHGDF1571G8ZH,Eclipse Solutions,2026-04-15,QT-85405,50676.44,0.0,0.0,6081.17,6081.17,09TLPJZ1478E3ZR
d879d55a-c382-44b5-9a27-a5cb3fd83a82,32MIZGW1045V1Z9,Horizon Solutions,2026-03-20,QT-79737,45017.67,0.0,0.0,12604.95,12604.95,29AHFTR8040G4ZW
69b7a9dd-77b5-434a-bff0-3952f017afb9,09VBEHT5216W7ZH,Trident Associates,2026-03-19,INV/26-27/61172,75167.38,0.0,0.0,3758.37,3758.37,33HMOSW5244D2ZR
82eef182-8b83-4668-a008-1fc5bfa227d4,32PYTBX5165B8Z6,Matrix Industries,2026-03-14,RE-79830,67996.25,0.0,0.0,12239.32,12239.32,27GOCTV9516R3ZG
6692f101-53e9-4578-9aec-29089226c846,27RKHBU3568K1Z7,Sigma Logistics,2026-03-23,RE-52966,93147.87,0.0,0.0,16766.62,16766.62,09TLPJZ1478E3ZR
9d0694f9-1691-4557-a317-dd165b27afb9,07OVPDD3878L4ZF,Meridian Industries,2026-05-27,RE-92809,8051.37,0.0,0.0,2254.38,2254.38,24ZYTRS3638O2ZF
d5135326-ed4c-451d-9d9d-b4144f27dc28,32MVPIG9247S7ZL,Apex Associates,2026-05-01,QT-12794,1858.66,0.0,0.0,223.04,223.04,33EMFKB3927O5ZR
091b59e0-1836-43a4-8af9-ddb657035fea,32MIZGW1045V1Z9,Horizon Solutions,2026-03-26,QT-55113,34492.86,0.0,0.0,1724.64,1724.64,27GOCTV9516R3ZG
0bf3c674-4f1b-40c6-8c9f-509ec537cdd3,09OQIDS9990V7ZW,Summit Pvt Ltd,2026-05-01,RE-09335,25019.65,0.0,0.0,7005.5,7005.5,32EHZPO7055Q3Z3
83dd2491-26db-47c8-9d41-67a3fc1e8dea,33MHMKR7789T9Z1,Genesis Pvt Ltd,2026-04-15,INV/26-27/44915,16518.43,0.0,0.0,4625.16,4625.16,09LVEJR7606R4ZA
14f293d5-2c75-454b-aa85-e84d9d684033,19YFSGK6237C1ZT,Nova Industries,2026-02-21,INV-69964,76687.29,0.0,0.0,3834.36,3834.36,24ZYTRS3638O2ZF
6805c9d0-7be6-4c50-8029-af5958d8707e,32MIZGW1045V1Z9,Horizon Solutions,2026-02-03,QT-40907,25081.82,0.0,0.0,1254.09,1254.09,09TLPJZ1478E3ZR
5fb4749d-1dc5-436e-b9ce-9baeb1ce6dde,07IAKFV1961W5ZW,Ascent Solutions,2026-05-14,TX-95399,1261.42,0.0,0.0,151.37,151.37,29HEASS9751U5ZW
2937f638-9462-47aa-b095-23c427dbf7de,19EFUIW7209C4ZQ,Starlight Enterprises,2026-01-05,INV/26-27/52874,42543.53,0.0,0.0,2127.18,2127.18,27GOCTV9516R3ZG
75d6daab-82c5-4f82-8501-4ff6734ebde6,07OVPDD3878L4ZF,Meridian Industries,2026-03-07,TX-83929,46362.27,0.0,0.0,2318.11,2318.11,27GOCTV9516R3ZG
d0d443e8-013e-447c-a6cd-4f7879d93c02,24UWVGU1882O6ZJ,Delta Enterprises,2026-04-24,INV-54628,29887.36,0.0,0.0,3586.48,3586.48,29AHFTR8040G4ZW
92ed2642-923f-435c-abb5-1606f474a6ca,24VZGOJ9588I7ZL,Trident Solutions,2026-01-26,TX-86726,7474.52,0.0,0.0,896.94,896.94,29AHFTR8040G4ZW
44034a8c-4ac8-4fde-a5c2-d417eca4bcb7,32XDLYF4300Q6ZF,Genesis Industries,2026-01-30,INV-37055,24540.89,2208.68,2208.68,0.0,4417.36,32DEMWB8806R1Z5
8d151a30-1585-4d8e-b928-223172846d39,32XRELI5642J4ZO,Starlight Industries,2026-02-11,TX-38713,24600.66,0.0,0.0,6888.18,6888.18,29FYWIR3942H9ZY
ccca2cf8-b513-4053-a7f8-32765a782b9d,29OKGWZ6106L5ZP,Horizon Industries,2026-01-24,TX-19549,258570.92,0.0,0.0,72399.86,72399.86,09VQWPS0220H2ZO
ee5f0d9d-813a-43bb-8dfc-29e35ada02ac,29OKGWZ6106L5ZP,Horizon Industries,2026-01-24,TX-19549,258570.92,0.0,0.0,72399.86,72399.86,09VQWPS0220H2ZO
2725ee55-6612-46cf-baaa-38a89e5d8f7e,32CBLIG0985A5Z2,Quantum Associates,2026-01-26,TX-06565,10195.73,0.0,0.0,2854.8,2854.8,29HEASS9751U5ZW
353900e1-7c0c-42da-b826-fe9770074338,29NNDJB2245J9Z0,Meridian Solutions,2026-02-13,INV/26-27/86948,4159.52,0.0,0.0,748.71,748.71,27OSSKL2871N6ZH
8d66c019-a864-4bd4-a782-c167c6b5f5f0,32PSNVO8742H5ZX,Starlight Enterprises,2026-04-27,TX-52462,5138.31,719.36,719.36,0.0,1438.72,32JZQOR8720K7ZH
51fb0faf-54e9-4b35-9c91-c25e7481d5ce,32KFKXP6873A6ZJ,Genesis Trading Co,2026-01-27,INV-20893,63882.89,0.0,0.0,17887.21,17887.21,09VQWPS0220H2ZO
527f0e7e-f8df-46ff-9969-681b71d8a0f2,07VUDGQ8518D5Z5,Quantum Solutions,2026-02-03,INV-89715,19979.81,0.0,0.0,5594.35,5594.35,27GOCTV9516R3ZG
83d0c126-1d1f-47da-b7ae-037e2ee4e346,29NNDJB2245J9Z0,Meridian Solutions,2026-05-28,RE-97469,122681.8,0.0,0.0,6134.09,6134.09,33DTOUN0309Z5ZF
a462c60e-0ed1-48f3-88b0-85355021b562,24OUECW6291O5ZT,Sigma Pvt Ltd,2026-05-23,TX-19485,31419.6,0.0,0.0,3770.35,3770.35,19LMSRZ0438H4ZC
e888f42e-dc7f-4531-9dbc-b4df375e5355,24YFPVG6368Z1ZM,Beacon Trading Co,2026-05-06,INV-98492,15332.45,0.0,0.0,1839.89,1839.89,19LMSRZ0438H4ZC
3867a394-7e71-42b1-b309-4e8d791e46da,33KYRXQ3502N6ZT,Pioneer Associates,2026-05-27,TX-58221,93678.64,0.0,0.0,4683.93,4683.93,09TLPJZ1478E3ZR
bb9b35c7-791f-4440-8d20-50acb10dd510,33KYRXQ3502N6ZT,Pioneer Associates,2026-05-27,TX-58221,93678.64,0.0,0.0,4683.93,4683.93,09TLPJZ1478E3ZR
c4eaa5c5-2fa6-430a-885f-ae015c96609c,29UFUSM5911O9ZZ,Nova Services,2026-01-10,TX-54047,43613.97,3925.26,3925.26,0.0,7850.52,29AHFTR8040G4ZW
5e1e59cb-827f-434c-b2ac-38856b1176f3,19SHGDF1571G8ZH,Eclipse Solutions,2026-04-04,TX-44677,5612.57,0.0,0.0,1571.52,1571.52,33EMFKB3927O5ZR
e4c534ec-0b23-4117-9e69-f8e441b7c9fd,32PSNVO8742H5ZX,Starlight Enterprises,2026-02-26,INV-99526,11003.37,0.0,0.0,1980.61,1980.61,33HMOSW5244D2ZR
4cb73f62-b686-4419-93dc-349f3cebbf32,19UWKQE9898N1ZB,Eclipse Services,2026-02-05,INV/26-27/64543,57817.15,0.0,0.0,10407.09,10407.09,09VQWPS0220H2ZO
6f5b9fb2-48eb-4e62-a6c2-230d8a2e2d87,29VHJHS1002E8Z6,Apex Solutions,2026-03-28,TX-24980,2253.64,0.0,0.0,112.68,112.68,24ZYTRS3638O2ZF
e5561027-f292-4eb6-855f-5c8ee3b446a8,24MLHTC4264V5Z2,Delta Trading Co,2026-01-02,INV/26-27/65383,95697.6,0.0,0.0,11483.71,11483.71,32EHZPO7055Q3Z3
e33f4fd6-2bba-41f1-a838-44e43844572e,29UFUSM5911O9ZZ,Nova Services,2026-03-24,TX-86183,145829.73,0.0,0.0,17499.57,17499.57,09LVEJR7606R4ZA
f07f63e0-0d3a-4a65-a03a-f861fe29f9ad,24VZGOJ9588I7ZL,Trident Solutions,2026-05-22,RE-41145,4825.22,0.0,0.0,868.54,868.54,32DEMWB8806R1Z5
cffaa728-1875-4131-aa5f-7ca56ebf2846,19BQAKM4384E7ZB,Eclipse Solutions,2026-03-24,RE-71106,84664.11,0.0,0.0,23705.95,23705.95,09LVEJR7606R4ZA
c7c93a0c-d494-4958-87d9-02c94ae0bad4,33NQMLB2128P2Z1,Alpha Enterprises,2026-05-14,TX-01674,19168.29,479.21,479.21,0.0,958.42,33EMFKB3927O5ZR
257e9089-ed06-46cf-95b1-ce0176b4ee5c,33NQMLB2128P2Z1,Alpha Enterprises,2026-01-16,QT-19193,4484.91,0.0,0.0,224.25,224.25,32JZQOR8720K7ZH
43f285a3-3477-47d5-9945-7a5ba6890aaf,32PYTBX5165B8Z6,Matrix Industries,2026-05-24,INV/26-27/97310,27741.17,0.0,0.0,4993.41,4993.41,29WBBWK9550C7ZX
c2a4e228-42e2-40e7-adcd-25a7901a1af8,29MBTFR6385C7Z0,Sigma Industries,2026-03-22,TX-89804,94120.53,0.0,0.0,11294.46,11294.46,24ZYTRS3638O2ZF
6e70db42-022d-41d8-b077-d2fec92da4bc,07IAKFV1961W5ZW,Ascent Solutions,2026-01-20,TX-23256,6239.61,0.0,0.0,1747.09,1747.09,29FYWIR3942H9ZY
35e76c6b-da0f-483e-801a-cfd7b70e0c61,32KFKXP6873A6ZJ,Genesis Trading Co,2026-03-07,INV/26-27/76545,8193.66,0.0,0.0,409.68,409.68,29KPMGO9618Y5ZL
c666d6b7-6a67-4933-8910-45b61d5396b8,07VUDGQ8518D5Z5,Quantum Solutions,2026-05-27,QT-64298,83737.87,0.0,0.0,4186.89,4186.89,27OSSKL2871N6ZH
44dbf2e4-b033-4011-bd4a-355f53a0f898,07BQNFU3961D3ZG,Omega Logistics,2026-03-31,TX-12052,10267.84,0.0,0.0,1848.21,1848.21,33EMFKB3927O5ZR
cba27eac-c7f3-4ab7-9a97-ec9d252809ad,07CHTED5959F5ZU,Zenith Services,2026-03-07,INV-50578,71746.61,0.0,0.0,20089.05,20089.05,33DTOUN0309Z5ZF
e9a15675-0f69-410d-b8ce-5a6f96e4e184,19WWLNL7461P5ZL,Nova Trading Co,2026-01-25,RE-10794,189665.6,0.0,0.0,9483.28,9483.28,29FYWIR3942H9ZY
2006eccb-7a47-4391-9051-d61c19164681,29VOPVG7752E3ZY,Sigma Logistics,2026-05-18,INV-26946,11997.37,299.93,299.93,0.0,599.86,29FYWIR3942H9ZY
963ab832-5e3a-424c-abf5-ca80328f9cec,29WWWJI7780C4ZI,Delta Industries,2026-01-19,INV-11472,97790.11,0.0,0.0,11734.81,11734.81,33HMOSW5244D2ZR
121fe031-11c1-4d6b-8f21-3707dd3f45f7,33OGUBT7836U3ZV,BlueStar Logistics,2026-01-31,INV-51053,53254.52,1331.36,1331.36,0.0,2662.72,33BAOPA7000K2ZW
bce7c1ac-25ec-4c1b-8041-b51661b40297,29UFUSM5911O9ZZ,Nova Services,2026-03-19,QT-89900,6295.32,0.0,0.0,314.77,314.77,32DEMWB8806R1Z5
e7aeb5da-952c-47b2-a2f3-b8d84b1e9b59,32JTGJQ3646R6ZE,Alpha Industries,2026-02-06,RE-38664,212523.9,0.0,0.0,10626.19,10626.19,09LVEJR7606R4ZA
5d3af00c-5359-4993-a340-9f823de220af,19UWKQE9898N1ZB,Eclipse Services,2026-04-11,INV-75068,93282.96,0.0,0.0,16790.93,16790.93,09VQWPS0220H2ZO
d7d318a2-b1e6-4af2-961c-60b0bd1fa9e0,29QDMBJ2373Y7ZG,Radiant Associates,2026-02-26,INV/26-27/24117,13975.88,0.0,0.0,698.79,698.79,32DEMWB8806R1Z5
39ef3d6c-8a3f-4a55-b92b-50580d2fe511,32KFKXP6873A6ZJ,Genesis Trading Co,2026-03-14,INV/26-27/13114,83065.82,0.0,0.0,23258.43,23258.43,27GOCTV9516R3ZG
ae68c4a7-bba4-4c36-ab8f-ffedfb7facbb,27TBYFB9002A3ZF,Horizon Associates,2026-04-04,RE-74300,4129.93,0.0,0.0,1156.38,1156.38,32EHZPO7055Q3Z3
6e8f8c94-bc4d-4501-8b43-fe9cccc17d5c,33WJOCH2457T9Z1,Nova Solutions,2026-04-02,TX-58374,24098.46,602.46,602.46,0.0,1204.92,33DTOUN0309Z5ZF
dedc4cc4-786a-474c-bc0e-59d36cd8b826,07BQNFU3961D3ZG,Omega Logistics,2026-01-20,INV/26-27/34503,105479.87,0.0,0.0,29534.36,29534.36,09LVEJR7606R4ZA
685751f1-ed1d-4e20-8701-ff69e57ce0ff,29MQUPJ0403J2Z5,Nova Trading Co,2026-05-19,QT-71234,60677.32,0.0,0.0,7281.28,7281.28,27OSSKL2871N6ZH
640e4e8b-7aab-4f59-819d-be6653900dc9,07IAKFV1961W5ZW,Ascent Solutions,2026-05-09,INV/26-27/60910,16206.81,0.0,0.0,1944.82,1944.82,32EHZPO7055Q3Z3
96b38731-e848-4fb9-8a7d-487ccae871b2,24YFPVG6368Z1ZM,Beacon Trading Co,2026-04-25,RE-18399,34017.24,0.0,0.0,4082.07,4082.07,29WBBWK9550C7ZX
3c1f260b-a3da-4c81-a2cc-aa09d8f604c0,19UWKQE9898N1ZB,Eclipse Services,2026-05-05,INV/26-27/99808,13183.11,0.0,0.0,1581.97,1581.97,27GOCTV9516R3ZG
fc232220-7197-4585-883b-19b9c8c79e00,19RKWYK9023D9ZD,Horizon Associates,2026-01-11,TX-06087,7313.9,0.0,0.0,1316.5,1316.5,24ZYTRS3638O2ZF
9b8ae51c-000f-42fa-b375-03fbf63ce7a6,09OQIDS9990V7ZW,Summit Pvt Ltd,2026-02-14,RE-74733,13540.88,0.0,0.0,677.04,677.04,29KPMGO9618Y5ZL
07eae170-9010-41fd-8647-3d6537fc0db7,29KTLLC3446J2ZP,Apex Services,2026-03-30,TX-46256,22628.12,0.0,0.0,2715.37,2715.37,09TLPJZ1478E3ZR
4fe153ed-43b1-4639-9b2a-c8cdc46e171e,09RKTAC2178A9ZT,Infinity Pvt Ltd,2026-02-17,INV/26-27/19693,78227.88,0.0,0.0,9387.35,9387.35,32DEMWB8806R1Z5
b264ce41-252a-4c90-8a75-33ef8968fba8,33WJOCH2457T9Z1,Nova Solutions,2026-02-23,TX-62787,41547.91,0.0,0.0,4985.75,4985.75,09VQWPS0220H2ZO
c5cafca4-899c-4255-91f1-4062ecf9842e,33MHMKR7789T9Z1,Genesis Pvt Ltd,2026-05-27,RE-05137,26307.76,0.0,0.0,1315.39,1315.39,32JZQOR8720K7ZH
7866fbca-eddf-4f37-b952-68eadc8fa951,33KYRXQ3502N6ZT,Pioneer Associates,2026-05-01,INV/26-27/58878,68236.91,0.0,0.0,8188.43,8188.43,29HEASS9751U5ZW
cae3dad5-f074-4c74-b553-0e8ca21b7a21,24ZTSCE2030L6ZR,Horizon Enterprises,2026-01-18,TX-78189,19062.73,0.0,0.0,2287.53,2287.53,32JZQOR8720K7ZH
ebde4f83-27ea-4ab1-acc0-e6db833a4898,27TBYFB9002A3ZF,Horizon Associates,2026-02-15,RE-12623,31755.47,0.0,0.0,1587.77,1587.77,33BAOPA7000K2ZW
657d7262-75ee-457b-8e2e-61e1571e5388,07TREUM7749S6ZK,Horizon Associates,2026-04-21,INV-88941,18789.19,0.0,0.0,5260.97,5260.97,29WBBWK9550C7ZX
a1e87cb4-2ddd-4d75-b274-289cf3cfc513,24OUECW6291O5ZT,Sigma Pvt Ltd,2026-05-28,RE-97176,5875.23,352.51,352.51,0.0,705.02,24ZYTRS3638O2ZF
4f67286d-7f17-41f7-952c-5363da1268d7,19EFUIW7209C4ZQ,Starlight Enterprises,2026-01-02,INV-92950,68800.2,0.0,0.0,12384.04,12384.04,29KPMGO9618Y5ZL
8e84ca10-c682-43fc-b46b-085d059797c3,09OQIDS9990V7ZW,Summit Pvt Ltd,2026-05-18,QT-34250,16953.03,0.0,0.0,4746.85,4746.85,33BAOPA7000K2ZW
8c47107c-2409-45fe-b68b-d545883c3e62,33WJOCH2457T9Z1,Nova Solutions,2026-05-24,INV/26-27/48525,11955.36,1075.98,1075.98,0.0,2151.96,33EMFKB3927O5ZR
2e9b6339-280a-4111-bed5-7882641181d6,09LSGIX0131G2ZQ,Infinity Services,2026-02-11,INV/26-27/58537,26911.08,672.78,672.78,0.0,1345.56,09LVEJR7606R4ZA
d486fce3-efb3-42f0-80ff-c58f5041b29c,33NUYTR2660Y4ZJ,Delta Enterprises,2026-04-22,INV/26-27/61823,11439.58,0.0,0.0,571.98,571.98,29AHFTR8040G4ZW
dafeabcf-cb0f-4efe-b328-392e64fddba6,07VUDGQ8518D5Z5,Quantum Solutions,2026-01-15,RE-37549,155233.75,0.0,0.0,43465.45,43465.45,24ZYTRS3638O2ZF
4a37e97c-4288-4e3e-a6c3-02073fed9339,33NQMLB2128P2Z1,Alpha Enterprises,2026-05-11,INV/26-27/4406,12770.37,0.0,0.0,638.52,638.52,32DEMWB8806R1Z5
6fa17439-7d42-4854-b88e-6dcb2b06bfa8,33NUYTR2660Y4ZJ,Delta Enterprises,2026-04-01,QT-52355,19469.48,0.0,0.0,973.47,973.47,32JZQOR8720K7ZH
42997294-6665-465b-904b-34820ec10301,29MQUPJ0403J2Z5,Nova Trading Co,2026-05-24,QT-95177,7717.03,0.0,0.0,926.04,926.04,07FTCJJ3204D7Z5
d5e29a03-8fee-4a04-8561-3920966b115b,32CBLIG0985A5Z2,Quantum Associates,2026-05-10,INV/26-27/53364,7134.31,0.0,0.0,356.72,356.72,29AHFTR8040G4ZW
605e8a51-b556-4676-b40a-b940d93cab65,24CSWQT7242K8ZP,Infinity Industries,2026-05-04,RE-03585,11020.27,0.0,0.0,1983.65,1983.65,33HMOSW5244D2ZR
d2936c87-218e-40b5-9324-b88a904551fe,33NQMLB2128P2Z1,Alpha Enterprises,2026-03-29,INV-52289,135485.56,0.0,0.0,24387.4,24387.4,09TLPJZ1478E3ZR
8d5ebf60-e877-400a-b194-1edc4183bdc7,19EFUIW7209C4ZQ,Starlight Enterprises,2026-02-21,TX-96615,12053.82,0.0,0.0,1446.46,1446.46,32JZQOR8720K7ZH
a0a6f369-e83a-4616-a375-0641cf5b9a2d,32XRELI5642J4ZO,Starlight Industries,2026-01-31,INV/26-27/13984,72790.26,0.0,0.0,3639.51,3639.51,29WBBWK9550C7ZX
19b13d43-ab28-419d-a39f-3d7fb80fca4b,33WJOCH2457T9Z1,Nova Solutions,2026-03-22,QT-81353,110293.8,0.0,0.0,19852.88,19852.88,27OSSKL2871N6ZH
931db8ef-e218-4b04-ac57-0f0e93d4de24,24UWVGU1882O6ZJ,Delta Enterprises,2026-05-03,RE-55467,5685.73,0.0,0.0,682.29,682.29,09LVEJR7606R4ZA
b0fb76bf-d030-4053-a96c-2500fdb7e11d,24CSWQT7242K8ZP,Infinity Industries,2026-01-03,QT-90337,5995.95,0.0,0.0,1079.27,1079.27,32DEMWB8806R1Z5
9e3ec77b-78cd-4472-9866-79ef33b13c88,29MQUPJ0403J2Z5,Nova Trading Co,2026-03-10,QT-31083,35851.7,0.0,0.0,10038.48,10038.48,32JZQOR8720K7ZH
3f07c94d-5d8f-4ac3-8a4d-5c45c925788e,33JJHSA8308Y1ZV,Zenith Enterprises,2026-04-26,TX-36652,4144.49,0.0,0.0,497.34,497.34,27GOCTV9516R3ZG
11765c3a-0e8b-4419-8812-18f6879f2f5a,29YFFRE1004T8ZI,BlueStar Enterprises,2026-04-08,RE-56652,263654.62,36911.65,36911.65,0.0,73823.3,29KPMGO9618Y5ZL
ed0ec5fe-d7d4-41a3-990c-b5a303ea3df0,19BHZYV0269B6ZF,Horizon Enterprises,2026-05-13,TX-17626,11861.74,0.0,0.0,2135.11,2135.11,32JZQOR8720K7ZH
6894a278-d4b4-4469-9740-4bcee4887790,07AGMWB4616P7ZF,Horizon Pvt Ltd,2026-02-25,INV/26-27/7870,21796.77,0.0,0.0,6103.1,6103.1,24ZYTRS3638O2ZF
72eba4af-5131-49b0-a58a-03252d092a16,32XRELI5642J4ZO,Starlight Industries,2026-05-11,QT-88237,17621.02,0.0,0.0,2114.52,2114.52,29HEASS9751U5ZW
cb7bc6a5-b45c-4000-a04a-11ff7e777643,19BHZYV0269B6ZF,Horizon Enterprises,2026-04-14,RE-74926,10948.6,0.0,0.0,1970.75,1970.75,33DTOUN0309Z5ZF
943160df-e771-4e7c-bc08-bc4ede8b817b,32XEPQM0336F6ZQ,Ascent Associates,2026-05-31,TX-47601,21962.66,0.0,0.0,1098.13,1098.13,24ZYTRS3638O2ZF
8717a42d-13f5-44e1-ae91-89cb3fbfb7e6,33KYRXQ3502N6ZT,Pioneer Associates,2026-04-12,INV/26-27/21878,27512.82,0.0,0.0,7703.59,7703.59,29KPMGO9618Y5ZL
776eb934-f22f-4ab3-9f93-9999c480f2ad,32CBLIG0985A5Z2,Quantum Associates,2026-01-22,RE-20353,78355.85,0.0,0.0,9402.7,9402.7,09VQWPS0220H2ZO
55d0adc5-3305-44ac-a0aa-f220ce1118d0,32KFKXP6873A6ZJ,Genesis Trading Co,2026-01-08,RE-22362,1000.0,0.0,0.0,280.0,280.0,09LVEJR7606R4ZA
e549aca9-333e-469b-8bbc-3bafef0a37ac,29MQUPJ0403J2Z5,Nova Trading Co,2026-05-19,TX-17710,42808.32,5993.16,5993.16,0.0,11986.32,29KPMGO9618Y5ZL
8ea23db4-311b-40da-98b3-d4e1b80fd79b,24OUECW6291O5ZT,Sigma Pvt Ltd,2026-02-28,TX-70736,20563.68,0.0,0.0,3701.46,3701.46,29HEASS9751U5ZW
59d2354b-53c9-4329-834e-508f5a433c1f,24OUECW6291O5ZT,Sigma Pvt Ltd,2026-05-17,QT-61499,23679.25,0.0,0.0,6630.19,6630.19,09LVEJR7606R4ZA
19b4455e-23c8-4511-8742-6031f6051272,29MQUPJ0403J2Z5,Nova Trading Co,2026-04-16,QT-24717,20897.62,2925.67,2925.67,0.0,5851.34,29AHFTR8040G4ZW
f38350c3-196d-4be8-89bd-5bc1aaeb2ace,32CBLIG0985A5Z2,Quantum Associates,2026-03-03,INV-55344,122579.37,0.0,0.0,22064.29,22064.29,09TLPJZ1478E3ZR
c22ea653-7dfb-457b-b9d8-fa6a4a730fa9,07XRVQY2624H6Z6,Meridian Services,2026-02-16,INV/26-27/8974,5694.57,0.0,0.0,1594.48,1594.48,29KPMGO9618Y5ZL
d76a052c-4eb8-4513-a14a-3d39367cfced,19WWLNL7461P5ZL,Nova Trading Co,2026-01-13,INV-19943,14873.74,0.0,0.0,4164.65,4164.65,29FYWIR3942H9ZY
e5216a8d-0362-4d0a-acf3-aaded12b0e2c,29NNDJB2245J9Z0,Meridian Solutions,2026-03-29,TX-28468,80229.37,0.0,0.0,14441.29,14441.29,09LVEJR7606R4ZA
066403d0-f124-4fe9-809a-9386ce36c99e,33KYRXQ3502N6ZT,Pioneer Associates,2026-03-10,INV/26-27/7346,4697.12,281.83,281.83,0.0,563.66,33DTOUN0309Z5ZF
a0ee6285-fcf1-4049-b9d5-0414dd91570a,07CHTED5959F5ZU,Zenith Services,2026-03-05,INV-15986,42390.61,0.0,0.0,5086.87,5086.87,29KPMGO9618Y5ZL
e65691e9-a49f-4add-b53b-57ae678a571b,19WWLNL7461P5ZL,Nova Trading Co,2026-01-11,INV/26-27/82466,27896.82,0.0,0.0,7811.11,7811.11,29HEASS9751U5ZW
b1d5eea9-59b6-4fc6-993b-3772bc1402c1,29VHJHS1002E8Z6,Apex Solutions,2026-04-22,INV-30929,9643.47,0.0,0.0,482.17,482.17,27OSSKL2871N6ZH
dce1b2d5-174e-4651-872d-e03014bf6ee0,09OQIDS9990V7ZW,Summit Pvt Ltd,2026-02-09,TX-90231,2736.14,0.0,0.0,136.81,136.81,27OSSKL2871N6ZH
aaafaccb-f5b2-46d5-b6df-e28a23772208,29UFUSM5911O9ZZ,Nova Services,2026-03-01,INV/26-27/63943,34823.06,0.0,0.0,6268.15,6268.15,33EMFKB3927O5ZR
c1c93b3b-3714-480e-b4ed-6a454b855e22,19EFUIW7209C4ZQ,Starlight Enterprises,2026-04-07,INV-90342,23534.17,0.0,0.0,4236.15,4236.15,33HMOSW5244D2ZR
a21069df-6474-407b-adc8-96c5f29a0109,32MVPIG9247S7ZL,Apex Associates,2026-03-24,RE-45570,1599.58,95.97,95.97,0.0,191.94,32EHZPO7055Q3Z3
f15541ee-3196-4cfd-8bcb-202122d584af,32CBLIG0985A5Z2,Quantum Associates,2026-04-27,RE-48119,39245.52,0.0,0.0,4709.46,4709.46,29HEASS9751U5ZW
baf68a09-baa3-4ebd-a1b9-040ff94f2141,33JJHSA8308Y1ZV,Zenith Enterprises,2026-03-24,RE-31299,50351.7,0.0,0.0,14098.48,14098.48,29WBBWK9550C7ZX
b7cc9577-db34-4e57-b10e-51d307a53d33,27TBYFB9002A3ZF,Horizon Associates,2026-03-24,RE-37111,16557.42,0.0,0.0,827.87,827.87,33EMFKB3927O5ZR
3fa06fdc-113b-4d7f-b1b3-51b48d686f26,07OVPDD3878L4ZF,Meridian Industries,2026-05-05,INV/26-27/14032,15841.76,0.0,0.0,2851.52,2851.52,32JZQOR8720K7ZH
79cd7e42-b55c-4254-b2c4-a9033605e64f,29NNDJB2245J9Z0,Meridian Solutions,2026-05-06,INV/26-27/85951,89783.33,0.0,0.0,4489.17,4489.17,07FTCJJ3204D7Z5
53a510d7-261a-472e-9411-5fa1a4a1ffb3,19FEGTT6106B5ZS,BlueStar Services,2026-03-10,INV-80863,457561.27,0.0,0.0,22878.06,22878.06,33BAOPA7000K2ZW
c45b4054-0321-43f2-a147-00b8e81b5d13,29MBTFR6385C7Z0,Sigma Industries,2026-05-15,INV/26-27/25313,386970.73,0.0,0.0,108351.8,108351.8,33EMFKB3927O5ZR
13b86ea3-2d4e-46f9-a9d5-cdb09c5f83e0,32XRELI5642J4ZO,Starlight Industries,2026-04-20,TX-92085,10754.83,1505.68,1505.68,0.0,3011.36,32EHZPO7055Q3Z3
a312d763-9cf1-40cb-a8e6-c9072d1b5f2f,07PEESQ9703X4ZS,Nova Solutions,2026-03-22,TX-46180,15183.73,0.0,0.0,2733.07,2733.07,33EMFKB3927O5ZR
1ba4b55b-3b1f-4545-963c-15ba05bb1d25,07CHTED5959F5ZU,Zenith Services,2026-03-07,RE-97594,2167.02,0.0,0.0,108.35,108.35,29FYWIR3942H9ZY
e5d3cc93-7a3d-4cde-a5d9-b1cd2fe1da78,29YDDCO2672U5ZW,Starlight Solutions,2026-03-19,RE-17706,4685.58,421.7,421.7,0.0,843.4,29WBBWK9550C7ZX
5e01416b-372a-4ded-a450-a96138cca6ed,07OVPDD3878L4ZF,Meridian Industries,2026-02-09,TX-46617,12902.09,0.0,0.0,1548.25,1548.25,09VQWPS0220H2ZO
0eeba2d6-cf42-4748-b187-9bc78d6f457f,32XHKDY3408E7ZT,Summit Trading Co,2026-01-20,RE-28500,51484.4,1287.11,1287.11,0.0,2574.22,32EHZPO7055Q3Z3
cd72d2bb-328a-4b3b-b6bb-b9bf871b139e,07CHTED5959F5ZU,Zenith Services,2026-03-27,INV-07330,76034.48,0.0,0.0,3801.72,3801.72,32EHZPO7055Q3Z3
81f2f106-fa58-4e2b-803d-b6cf2515146b,32GGZUX1654Y5ZO,Trident Trading Co,2026-04-08,INV-83085,26735.41,0.0,0.0,3208.25,3208.25,09TLPJZ1478E3ZR
396ddea1-b186-4d8c-9566-aa199102ea7d,24UWVGU1882O6ZJ,Delta Enterprises,2026-05-28,TX-58408,11097.09,0.0,0.0,3107.19,3107.19,09LVEJR7606R4ZA
28a42e86-8807-4631-aef1-f1f25d609fee,29OKGWZ6106L5ZP,Horizon Industries,2026-04-13,INV-71848,17164.63,0.0,0.0,2059.76,2059.76,19LMSRZ0438H4ZC
4afc3b13-f9c6-4793-b4b4-bec31706e795,27ESIIA8541U1Z5,Eclipse Enterprises,2026-05-27,TX-85492,61291.07,0.0,0.0,7354.93,7354.93,29FYWIR3942H9ZY
2d22bc64-c309-476c-b6bc-e0379e03dea8,19WWLNL7461P5ZL,Nova Trading Co,2026-01-29,RE-11744,19505.9,0.0,0.0,3511.06,3511.06,33BAOPA7000K2ZW
d8bf08b7-b6b6-467d-a7c5-68861a3a947d,24YFPVG6368Z1ZM,Beacon Trading Co,2026-04-24,QT-80770,4928.45,0.0,0.0,591.41,591.41,29HEASS9751U5ZW
ce73c0de-d1ba-46da-883d-b8b34f4ef156,32PSNVO8742H5ZX,Starlight Enterprises,2026-02-07,INV-31857,38906.12,0.0,0.0,10893.71,10893.71,07FTCJJ3204D7Z5
5aada03e-c980-454d-8c93-b11a6fd80b0d,29VHJHS1002E8Z6,Apex Solutions,2026-05-14,INV/26-27/71621,32419.18,0.0,0.0,3890.3,3890.3,33EMFKB3927O5ZR
35440126-6451-4396-853a-d0f06b6c56f3,09OQIDS9990V7ZW,Summit Pvt Ltd,2026-03-07,RE-05700,3013.42,0.0,0.0,542.42,542.42,24ZYTRS3638O2ZF
38c17f22-5a8c-45c8-81ef-94e8f4ff9873,09APIUL9181B7Z0,Trident Enterprises,2026-03-11,TX-86557,93760.1,0.0,0.0,4688.01,4688.01,29AHFTR8040G4ZW
9ec4cccc-c937-4e57-bbc3-b2941fe8b65c,29ZDTPU2544S7ZJ,Vanguard Pvt Ltd,2026-01-26,TX-66656,22962.77,0.0,0.0,1148.14,1148.14,24ZYTRS3638O2ZF
fdafea02-82fe-4e67-b3ef-e103b261a663,32PYTBX5165B8Z6,Matrix Industries,2026-03-05,INV-05211,11301.45,0.0,0.0,1356.17,1356.17,33HMOSW5244D2ZR
5bd97ec5-25bc-4709-a69e-cc5813e443f3,24VZGOJ9588I7ZL,Trident Solutions,2026-03-12,INV/26-27/65701,209918.62,0.0,0.0,10495.93,10495.93,27GOCTV9516R3ZG
8db94e1f-c5bc-46f6-8a59-5c97e083aa4e,33MHMKR7789T9Z1,Genesis Pvt Ltd,2026-04-08,INV-95669,441741.28,0.0,0.0,53008.95,53008.95,24ZYTRS3638O2ZF
72a5bc83-8aea-4a3a-9a73-994be4e79b8e,27HHPZM1535R7ZT,Matrix Enterprises,2026-04-25,RE-43161,12322.81,0.0,0.0,1478.74,1478.74,33BAOPA7000K2ZW
a6c4c473-7f79-4765-93ae-016c9186273c,07UQVXC8255M5ZL,Delta Services,2026-02-07,INV/26-27/56370,29101.61,0.0,0.0,1455.08,1455.08,29HEASS9751U5ZW
87dc0417-6a68-4c56-96e1-a351834da534,32MVPIG9247S7ZL,Apex Associates,2026-01-08,QT-19074,94419.68,0.0,0.0,26437.51,26437.51,09VQWPS0220H2ZO
23251439-1595-4399-bcb3-16e47c041b88,27TBYFB9002A3ZF,Horizon Associates,2026-02-03,INV/26-27/13995,99949.09,0.0,0.0,17990.84,17990.84,29KPMGO9618Y5ZL
d2407d43-3c6d-48cd-8902-6f99cf2da7d0,29ZDTPU2544S7ZJ,Vanguard Pvt Ltd,2026-01-07,INV/26-27/90096,52052.03,7287.28,7287.28,0.0,14574.56,29WBBWK9550C7ZX
c76e42de-6ea8-4908-8412-89257eb8b2c3,27ESIIA8541U1Z5,Eclipse Enterprises,2026-02-11,TX-18025,12396.55,0.0,0.0,1487.59,1487.59,24ZYTRS3638O2ZF
492885d1-fcce-4c8d-9785-44a4df4a96f5,07VUDGQ8518D5Z5,Quantum Solutions,2026-03-25,TX-90160,100092.12,0.0,0.0,5004.61,5004.61,33HMOSW5244D2ZR
68e3e4be-3a5f-4a62-9a71-4f431c960c44,32JTGJQ3646R6ZE,Alpha Industries,2026-05-27,RE-97317,37727.42,0.0,0.0,1886.37,1886.37,33DTOUN0309Z5ZF
1495eacd-022d-4fdc-ae5a-8453ca48ec9f,09SSLRY7669N2ZY,Delta Logistics,2026-04-12,RE-70500,5279.93,0.0,0.0,264.0,264.0,27OSSKL2871N6ZH
04d9f81d-fddc-463d-8f4d-5819990f89e7,33NQMLB2128P2Z1,Alpha Enterprises,2026-04-19,TX-21822,116913.98,0.0,0.0,32735.91,32735.91,29HEASS9751U5ZW
60cfe314-7a8b-4e0f-bc45-da7cf39127e1,09OQIDS9990V7ZW,Summit Pvt Ltd,2026-04-11,RE-17735,21957.54,0.0,0.0,2634.9,2634.9,32JZQOR8720K7ZH
bf97f211-2010-411a-80cb-d904aabfab16,09VBEHT5216W7ZH,Trident Associates,2026-02-11,QT-90665,21088.48,0.0,0.0,5904.77,5904.77,07FTCJJ3204D7Z5
c53c0def-0e8c-477c-8db3-4a4b48712254,29OFSTE6718J2Z1,Zenith Trading Co,2026-04-08,TX-72135,8963.05,537.78,537.78,0.0,1075.56,29WBBWK9550C7ZX
50329481-447e-466d-a664-d6c8462abd9d,19BHZYV0269B6ZF,Horizon Enterprises,2026-04-25,QT-40570,24594.02,0.0,0.0,1229.7,1229.7,27OSSKL2871N6ZH
aad4edfb-d339-4e41-a515-c82e14c32b3c,19IYITE9127Q9ZX,BlueStar Services,2026-04-15,TX-59473,73853.81,0.0,0.0,8862.46,8862.46,29FYWIR3942H9ZY
650438dd-14d4-4169-aea6-e85c844cbc94,07OVPDD3878L4ZF,Meridian Industries,2026-05-28,INV/26-27/4251,5052.81,0.0,0.0,606.34,606.34,27GOCTV9516R3ZG
aeed1159-0cf9-433a-bcf4-4f6f6cf1b1cc,29OKGWZ6106L5ZP,Horizon Industries,2026-04-27,RE-23255,18425.31,1658.28,1658.28,0.0,3316.56,29WBBWK9550C7ZX
ece3bbee-930f-4270-b186-1d44c66e5d41,29VOPVG7752E3ZY,Sigma Logistics,2026-03-16,RE-08510,13633.06,0.0,0.0,1635.97,1635.97,07FTCJJ3204D7Z5
f4022b9c-378a-4fd5-9c5d-1b3057004c0b,29OKGWZ6106L5ZP,Horizon Industries,2026-05-04,RE-11492,68757.32,0.0,0.0,12376.32,12376.32,09VQWPS0220H2ZO
fbff3942-9f9c-4a3d-bb8f-8ec819501f47,07UQVXC8255M5ZL,Delta Services,2026-04-01,RE-81690,39624.21,0.0,0.0,11094.78,11094.78,29KPMGO9618Y5ZL
89e8926c-0ff2-4363-827d-4d09c892b76d,29ZDTPU2544S7ZJ,Vanguard Pvt Ltd,2026-01-01,QT-25370,17402.55,1044.15,1044.15,0.0,2088.3,29WBBWK9550C7ZX
1244649c-b567-4ae3-b3dc-57dc908831e9,19UWKQE9898N1ZB,Eclipse Services,2026-05-24,QT-45830,4780.0,0.0,0.0,860.4,860.4,33BAOPA7000K2ZW
a74d2ee3-882c-424d-a1eb-d405ec6a6071,24MLHTC4264V5Z2,Delta Trading Co,2026-01-02,RE-42458,14068.96,0.0,0.0,703.45,703.45,29HEASS9751U5ZW
7b52cea4-d436-407f-94f2-a4d51cab6f19,29WWWJI7780C4ZI,Delta Industries,2026-05-03,QT-88143,139656.51,19551.91,19551.91,0.0,39103.82,29FYWIR3942H9ZY
cdd1847d-532a-4235-b173-92cd7760cc1a,29WWWJI7780C4ZI,Delta Industries,2026-01-15,TX-54258,5530.84,0.0,0.0,995.55,995.55,33EMFKB3927O5ZR
b11eb7f2-f81a-4c42-8fcd-e08ad084853b,32XRELI5642J4ZO,Starlight Industries,2026-03-13,INV-19570,14617.78,0.0,0.0,1754.13,1754.13,33DTOUN0309Z5ZF
c85da63b-9be3-4fff-8612-4597a0e9ff95,32PSNVO8742H5ZX,Starlight Enterprises,2026-03-22,QT-92441,14837.1,0.0,0.0,1780.45,1780.45,29WBBWK9550C7ZX
1a26a969-56cc-4eef-9d83-d75757bac744,29VHJHS1002E8Z6,Apex Solutions,2026-02-14,RE-39626,347954.9,8698.87,8698.87,0.0,17397.74,29HEASS9751U5ZW
862ea137-6812-45cf-ba4e-ab3875202cb7,27TBYFB9002A3ZF,Horizon Associates,2026-05-04,INV/26-27/44580,30843.99,0.0,0.0,3701.28,3701.28,32DEMWB8806R1Z5
31530611-521f-4d97-acad-fa1dcc978017,32KFKXP6873A6ZJ,Genesis Trading Co,2026-01-10,INV/26-27/94971,62375.17,1559.38,1559.38,0.0,3118.76,32DEMWB8806R1Z5
bd85c3f0-786e-4066-897b-563f7558e772,29WWWJI7780C4ZI,Delta Industries,2026-01-27,TX-06048,39976.43,0.0,0.0,7195.76,7195.76,07FTCJJ3204D7Z5
afb51bca-ea26-403c-a1e9-66c06e7d517c,19EFUIW7209C4ZQ,Starlight Enterprises,2026-05-17,QT-36262,21646.85,0.0,0.0,2597.62,2597.62,29FYWIR3942H9ZY
09b060b3-c520-480e-804c-590788cea34d,32PYTBX5165B8Z6,Matrix Industries,2026-02-22,RE-13419,28550.06,0.0,0.0,5139.01,5139.01,29WBBWK9550C7ZX
4f15e7ad-aee7-4f52-b8df-6d77199c30e9,07VUDGQ8518D5Z5,Quantum Solutions,2026-04-24,QT-70855,5533.79,0.0,0.0,276.69,276.69,29HEASS9751U5ZW
918ce888-063d-4934-acdf-4cf9140d9666,07BSZNP3937V1ZL,Radiant Services,2026-04-30,INV/26-27/12179,8285.53,0.0,0.0,2319.95,2319.95,33HMOSW5244D2ZR
1effc03e-c820-4423-92fe-592ec9dde5c1,07VUDGQ8518D5Z5,Quantum Solutions,2026-04-11,QT-47639,89564.04,0.0,0.0,16121.53,16121.53,09LVEJR7606R4ZA
63f63287-6f11-446a-81f4-04734cb99821,33WJOCH2457T9Z1,Nova Solutions,2026-03-14,TX-22388,31773.67,0.0,0.0,1588.68,1588.68,27GOCTV9516R3ZG
02522872-2982-469e-b8a7-49993ab28798,19WWLNL7461P5ZL,Nova Trading Co,2026-01-19,RE-85125,27792.04,0.0,0.0,7781.77,7781.77,09VQWPS0220H2ZO
92abcf0f-f2f5-4903-9f1d-4cab568b9c82,33WJOCH2457T9Z1,Nova Solutions,2026-03-29,TX-08659,50125.69,0.0,0.0,14035.19,14035.19,32JZQOR8720K7ZH
fa837c25-8487-4f6a-a533-0a0972b8a9fc,19BQAKM4384E7ZB,Eclipse Solutions,2026-05-27,INV-96911,3478.53,0.0,0.0,626.14,626.14,09TLPJZ1478E3ZR
52c1815d-2787-4d64-8842-15c0a46a2f9c,27HHPZM1535R7ZT,Matrix Enterprises,2026-01-28,TX-09124,74738.65,0.0,0.0,13452.96,13452.96,32JZQOR8720K7ZH
e87b9262-54a6-433d-830f-7c8a9ad9d597,29VHJHS1002E8Z6,Apex Solutions,2026-01-01,INV/26-27/76123,45499.13,0.0,0.0,8189.84,8189.84,07FTCJJ3204D7Z5
0c8d8eaf-e354-41f4-8a5c-a8b684e46d0a,19SHGDF1571G8ZH,Eclipse Solutions,2026-05-26,QT-39287,38497.7,0.0,0.0,10779.36,10779.36,29FYWIR3942H9ZY
d269c9aa-0ced-45d5-af2a-e52a23731dc8,27RKHBU3568K1Z7,Sigma Logistics,2026-01-14,QT-71944,8108.03,0.0,0.0,405.4,405.4,29HEASS9751U5ZW
ffcdeead-31d4-48e4-8d75-5e32d8160534,33OGUBT7836U3ZV,BlueStar Logistics,2026-04-08,TX-53220,12097.81,0.0,0.0,1451.74,1451.74,24ZYTRS3638O2ZF
efc72c4d-1b42-4ecf-a95b-ba205b3254fc,33KYRXQ3502N6ZT,Pioneer Associates,2026-04-17,INV/26-27/84181,260743.22,0.0,0.0,73008.1,73008.1,09LVEJR7606R4ZA
2b09ea16-480c-4161-8ad3-70c725f8d59a,29MBTFR6385C7Z0,Sigma Industries,2026-02-17,QT-29589,129485.18,0.0,0.0,23307.33,23307.33,33HMOSW5244D2ZR
3cf64677-d4e4-4e16-a7fd-32ab7bf202d8,07OVPDD3878L4ZF,Meridian Industries,2026-05-04,INV-74469,5345.58,0.0,0.0,267.28,267.28,27GOCTV9516R3ZG
2bcabb35-c6f6-4d50-876a-1ba2bb3ced58,19LRJDX0800X6Z8,Beacon Pvt Ltd,2026-05-14,RE-10255,4984.1,0.0,0.0,249.21,249.21,29KPMGO9618Y5ZL
09456455-8c1e-4b45-9ab7-701cc9c681b5,27HHPZM1535R7ZT,Matrix Enterprises,2026-03-29,RE-06918,3925.88,0.0,0.0,1099.25,1099.25,32EHZPO7055Q3Z3
b1f7aa2d-4229-4fcc-8d49-2c4af67ef09f,07IAKFV1961W5ZW,Ascent Solutions,2026-01-10,QT-21956,33150.71,0.0,0.0,5967.13,5967.13,27GOCTV9516R3ZG
e563a7e5-81c0-4232-ba6b-536d0d0a2835,29OKGWZ6106L5ZP,Horizon Industries,2026-03-16,INV-86026,35555.34,0.0,0.0,1777.77,1777.77,32JZQOR8720K7ZH
db3f655a-b75a-4b2a-8b4f-2900f4ef4831,09VBEHT5216W7ZH,Trident Associates,2026-03-13,INV/26-27/80714,3586.68,0.0,0.0,430.4,430.4,29KPMGO9618Y5ZL
b2324af5-8d07-4c6d-88ab-ea297c55f5be,27TBYFB9002A3ZF,Horizon Associates,2026-04-16,TX-98666,9474.34,0.0,0.0,1136.92,1136.92,29WBBWK9550C7ZX
dc08a62a-09ae-4e69-bc26-1b6bcadad76f,24UWVGU1882O6ZJ,Delta Enterprises,2026-01-30,QT-99023,21559.31,0.0,0.0,6036.61,6036.61,27GOCTV9516R3ZG
6a40dc2a-e38d-4ce9-b834-6110add4aff8,29ZDTPU2544S7ZJ,Vanguard Pvt Ltd,2026-04-10,TX-89590,17895.31,0.0,0.0,894.77,894.77,33EMFKB3927O5ZR
32746146-37ef-46b7-8908-70a0919d19bb,29RAAUG3107Q2Z4,Starlight Associates,2026-03-11,RE-85468,14592.48,0.0,0.0,4085.89,4085.89,27GOCTV9516R3ZG
d7f42e67-49a9-4e2a-a161-4b9114f8dcff,19IYITE9127Q9ZX,BlueStar Services,2026-03-28,INV/26-27/68152,5482.39,0.0,0.0,274.12,274.12,09TLPJZ1478E3ZR
f9db28bc-cebc-4372-b538-8dae98940f20,09LSGIX0131G2ZQ,Infinity Services,2026-02-03,INV-79258,116160.77,6969.65,6969.65,0.0,13939.3,09VQWPS0220H2ZO
e143ecc3-6862-45bf-89c8-b99623d46917,09VBEHT5216W7ZH,Trident Associates,2026-01-20,QT-61205,82663.71,0.0,0.0,23145.84,23145.84,32JZQOR8720K7ZH
3ca838d8-386c-4cb6-9665-b44f5baf5570,09VBEHT5216W7ZH,Trident Associates,2026-03-12,INV/26-27/9699,17299.92,0.0,0.0,865.0,865.0,33DTOUN0309Z5ZF
d610ad13-9b6d-4788-9b59-0c87eb9dc552,19NCNYB7854A1ZU,Genesis Trading Co,2026-02-21,INV-64451,6746.39,0.0,0.0,809.57,809.57,32JZQOR8720K7ZH
36330873-43af-421d-bd76-0d5003c77a0b,29UFUSM5911O9ZZ,Nova Services,2026-03-08,TX-93769,3193.68,287.43,287.43,0.0,574.86,29WBBWK9550C7ZX
402393a8-82cb-457b-b474-6ce46a3ef286,27TBYFB9002A3ZF,Horizon Associates,2026-04-10,INV-04960,34100.55,0.0,0.0,9548.15,9548.15,19LMSRZ0438H4ZC
482e470f-1154-49c2-8fbe-e9301ab24599,07TREUM7749S6ZK,Horizon Associates,2026-04-09,INV/26-27/0434,87891.93,7910.27,7910.27,0.0,15820.54,07FTCJJ3204D7Z5
635f5f64-d176-4013-97c1-944f1145a687,33NUYTR2660Y4ZJ,Delta Enterprises,2026-03-29,QT-70075,17398.71,0.0,0.0,2087.85,2087.85,27OSSKL2871N6ZH
7a5d102d-ecbf-4021-87d8-b5cb782758e7,24VZGOJ9588I7ZL,Trident Solutions,2026-04-02,TX-13995,101825.66,0.0,0.0,12219.08,12219.08,29FYWIR3942H9ZY
cbdbf8f0-d811-4032-8d3d-da6d126a17d4,07OVPDD3878L4ZF,Meridian Industries,2026-03-28,QT-07348,166100.12,0.0,0.0,46508.03,46508.03,29AHFTR8040G4ZW
a4229d39-1ddc-442f-9bba-d42b9cc3bad4,07OVPDD3878L4ZF,Meridian Industries,2026-01-05,INV/26-27/64081,39999.1,2399.95,2399.95,0.0,4799.9,07FTCJJ3204D7Z5
a72da88c-caf8-4a08-aec7-20dd132ad0ae,24CSWQT7242K8ZP,Infinity Industries,2026-01-17,RE-22373,4956.07,0.0,0.0,594.73,594.73,09VQWPS0220H2ZO
bef14001-836e-49c2-8a3d-92094eb16334,32XHKDY3408E7ZT,Summit Trading Co,2026-05-28,QT-15834,3641.45,0.0,0.0,436.97,436.97,33DTOUN0309Z5ZF
4e138d7a-e271-42fb-9c57-c56f31a96a72,09SSLRY7669N2ZY,Delta Logistics,2026-02-04,RE-05335,157179.32,0.0,0.0,18861.52,18861.52,33HMOSW5244D2ZR
d7f51d69-c772-496e-b0f2-e55b09f3c0e8,19YFSGK6237C1ZT,Nova Industries,2026-03-14,INV/26-27/11684,401321.14,0.0,0.0,48158.54,48158.54,29AHFTR8040G4ZW
9c8d3e68-02b8-412e-902d-4499d10906c1,29MXBCP0265K7ZX,Zenith Associates,2026-02-14,TX-31360,24719.46,0.0,0.0,4449.5,4449.5,32DEMWB8806R1Z5
2383fde2-c437-4483-a45c-e0f4bc574398,07UQVXC8255M5ZL,Delta Services,2026-04-03,INV-81124,20389.74,0.0,0.0,2446.77,2446.77,09VQWPS0220H2ZO
a91472a3-69bf-42f8-89de-96943ff7358b,19RKWYK9023D9ZD,Horizon Associates,2026-02-10,TX-23112,11353.9,0.0,0.0,2043.7,2043.7,09LVEJR7606R4ZA
949260c3-20d7-4f93-8583-551fb8b6f873,19UWKQE9898N1ZB,Eclipse Services,2026-01-14,INV-97048,23985.6,0.0,0.0,2878.27,2878.27,33HMOSW5244D2ZR
c82853d3-d994-4238-8721-9b4f122101b7,19BHZYV0269B6ZF,Horizon Enterprises,2026-03-25,INV/26-27/97923,8783.8,0.0,0.0,1054.06,1054.06,33DTOUN0309Z5ZF
96f754b7-3912-4759-adcc-b318c26edea4,32MIZGW1045V1Z9,Horizon Solutions,2026-05-30,INV-61734,63585.34,0.0,0.0,17803.9,17803.9,24ZYTRS3638O2ZF
5b3d8670-2c11-4591-8eac-f38b595aad39,19EFUIW7209C4ZQ,Starlight Enterprises,2026-02-21,QT-35350,14941.36,0.0,0.0,4183.58,4183.58,33HMOSW5244D2ZR
ff05dbdc-25bc-4715-aedc-c909388867b6,32MIZGW1045V1Z9,Horizon Solutions,2026-02-10,QT-79120,51601.23,0.0,0.0,6192.15,6192.15,33DTOUN0309Z5ZF
5d785f94-26a2-49b6-94ff-dbe549ebf8e8,33NUYTR2660Y4ZJ,Delta Enterprises,2026-05-06,TX-68390,8195.2,0.0,0.0,2294.66,2294.66,09TLPJZ1478E3ZR
36ed0319-b990-4f3b-a6a3-9711cb477c77,09SSLRY7669N2ZY,Delta Logistics,2026-05-29,QT-56918,20803.78,2912.53,2912.53,0.0,5825.06,09TLPJZ1478E3ZR
a0b4f581-724d-42fb-a09b-772a219dd898,07UQVXC8255M5ZL,Delta Services,2026-01-26,TX-62819,7406.32,0.0,0.0,370.32,370.32,33BAOPA7000K2ZW
40b4c83b-af28-49ae-a45c-8bfee5b3000f,32KFKXP6873A6ZJ,Genesis Trading Co,2026-03-03,QT-38770,4916.79,0.0,0.0,885.02,885.02,29FYWIR3942H9ZY
115c93d3-e08b-4021-8967-778a6e82301b,09OQIDS9990V7ZW,Summit Pvt Ltd,2026-04-29,INV-59617,90714.4,0.0,0.0,16328.59,16328.59,32EHZPO7055Q3Z3
ca30b284-48e2-4a4c-b994-19210ee0e1fe,19LYXQR1956K7ZI,Beacon Logistics,2026-03-27,TX-90539,4561.64,0.0,0.0,547.4,547.4,29AHFTR8040G4ZW
dd4204ae-3412-4e27-94af-5033f3af4704,27RKHBU3568K1Z7,Sigma Logistics,2026-04-04,RE-88429,7027.61,0.0,0.0,351.38,351.38,33DTOUN0309Z5ZF
84d6269f-65bf-4269-86db-b371dc191aaf,09APIUL9181B7Z0,Trident Enterprises,2026-02-22,RE-92975,11870.96,0.0,0.0,3323.87,3323.87,33EMFKB3927O5ZR
21249a45-5f0f-4a9f-8369-c411024801f2,32MIZGW1045V1Z9,Horizon Solutions,2026-03-10,QT-46231,20998.39,0.0,0.0,3779.71,3779.71,29FYWIR3942H9ZY
8807495b-93ce-4da0-8193-8052a170e773,09LSGIX0131G2ZQ,Infinity Services,2026-05-17,TX-93039,27325.31,0.0,0.0,4918.56,4918.56,32DEMWB8806R1Z5
e0f61546-1be0-4a22-a895-0be7a3b24579,19EFUIW7209C4ZQ,Starlight Enterprises,2026-01-21,TX-11444,9726.51,0.0,0.0,1167.18,1167.18,07FTCJJ3204D7Z5
d530847b-a9f6-4172-841a-00c82d426275,29YDDCO2672U5ZW,Starlight Solutions,2026-05-19,QT-54597,22637.39,0.0,0.0,1131.87,1131.87,32DEMWB8806R1Z5
40b0e127-c00e-42ca-b427-8b9c101e53eb,29KTLLC3446J2ZP,Apex Services,2026-05-29,QT-53962,38804.63,0.0,0.0,10865.3,10865.3,09TLPJZ1478E3ZR
0636d65f-36f1-4015-a646-51652dab5fc7,24YFPVG6368Z1ZM,Beacon Trading Co,2026-05-04,QT-29725,1475.73,0.0,0.0,177.09,177.09,29HEASS9751U5ZW
7c13af03-8c9e-4b8c-a415-5705e884bc7c,32XDLYF4300Q6ZF,Genesis Industries,2026-05-18,INV/26-27/93299,81631.49,4897.89,4897.89,0.0,9795.78,32JZQOR8720K7ZH
5246838e-d01c-413d-8ca1-15a49d779185,19FEGTT6106B5ZS,BlueStar Services,2026-02-11,TX-70762,30117.19,0.0,0.0,5421.09,5421.09,09LVEJR7606R4ZA
ba65fd0d-c104-4978-b944-f6ef8b2250cb,29QDMBJ2373Y7ZG,Radiant Associates,2026-04-24,RE-95492,5367.91,0.0,0.0,268.4,268.4,32EHZPO7055Q3Z3
5dffb9b1-efd8-42ea-925f-d2e543f99bcf,27CLHAU6275N9Z0,Vertex Industries,2026-02-26,TX-80940,49928.67,0.0,0.0,5991.44,5991.44,29HEASS9751U5ZW
656708ba-b9d4-4c62-9b80-d1be7be2428c,29YDDCO2672U5ZW,Starlight Solutions,2026-04-25,INV-70571,16211.04,405.28,405.28,0.0,810.56,29FYWIR3942H9ZY
b74c34b1-f687-472b-804e-8a0e68bce9dc,29MBTFR6385C7Z0,Sigma Industries,2026-03-14,QT-01598,12178.18,0.0,0.0,608.91,608.91,27GOCTV9516R3ZG
a45dd295-2b62-4829-a5d9-1eadc841fd32,19NCNYB7854A1ZU,Genesis Trading Co,2026-04-19,QT-21469,8485.41,0.0,0.0,424.27,424.27,33BAOPA7000K2ZW
0f3d4b1b-24fc-4620-8d52-dfc326bfde69,29WWWJI7780C4ZI,Delta Industries,2026-04-07,INV-77422,2813.85,0.0,0.0,787.88,787.88,32DEMWB8806R1Z5
39af4604-cdd6-45d7-b6aa-0d05226cbf2b,33MHMKR7789T9Z1,Genesis Pvt Ltd,2026-04-08,INV/26-27/24381,22261.82,0.0,0.0,4007.13,4007.13,32EHZPO7055Q3Z3
a5f73c21-d15c-4ecc-bac2-1e90349d6af7,09LSGIX0131G2ZQ,Infinity Services,2026-02-15,QT-54678,41440.6,0.0,0.0,2072.03,2072.03,19LMSRZ0438H4ZC
96f67cdf-48a4-4217-b77d-066a08688c2b,19FEGTT6106B5ZS,BlueStar Services,2026-05-28,RE-96071,7606.12,0.0,0.0,912.73,912.73,09VQWPS0220H2ZO
1db1b01f-214a-4a6f-9712-c43be1f0a3ec,32XRELI5642J4ZO,Starlight Industries,2026-03-11,INV/26-27/6933,6690.42,0.0,0.0,334.52,334.52,09LVEJR7606R4ZA
5428b89d-b059-4c77-8cc6-d95f6ee56345,07AGMWB4616P7ZF,Horizon Pvt Ltd,2026-02-12,RE-98649,42821.92,0.0,0.0,7707.95,7707.95,32JZQOR8720K7ZH
3ab3ce15-8d95-4ad2-bdd3-65e36bbf341a,29NNDJB2245J9Z0,Meridian Solutions,2026-03-14,INV/26-27/67918,23691.59,0.0,0.0,2842.99,2842.99,09LVEJR7606R4ZA
a155ec0e-d29e-43a5-833b-f1681734cb90,19EFUIW7209C4ZQ,Starlight Enterprises,2026-05-15,RE-80404,107970.9,0.0,0.0,5398.55,5398.55,09TLPJZ1478E3ZR
8742798d-f7bc-46ca-8bbb-e84aa2bd3f37,32KFKXP6873A6ZJ,Genesis Trading Co,2026-03-31,INV-62852,5290.44,0.0,0.0,952.28,952.28,09VQWPS0220H2ZO
9c5b6318-a909-473b-b3e9-da7e0b3c2a24,32MIZGW1045V1Z9,Horizon Solutions,2026-02-06,INV/26-27/90996,15037.24,0.0,0.0,751.86,751.86,09VQWPS0220H2ZO
7095050e-9e02-4e15-9169-6d6c0db2d648,19LYXQR1956K7ZI,Beacon Logistics,2026-04-21,INV-63473,25578.23,0.0,0.0,1278.91,1278.91,09VQWPS0220H2ZO
9efefe63-8b4e-4a04-9fc4-d63ad09a889d,09LSGIX0131G2ZQ,Infinity Services,2026-05-31,RE-26923,9129.83,228.25,228.25,0.0,456.5,09VQWPS0220H2ZO
8c8d0138-85ab-4dda-bb03-4845cda8670e,09OQIDS9990V7ZW,Summit Pvt Ltd,2026-02-11,QT-46164,110586.05,0.0,0.0,5529.3,5529.3,29KPMGO9618Y5ZL
cdbc23a3-b7fb-4ac6-a12d-74a237264106,29VHJHS1002E8Z6,Apex Solutions,2026-05-02,RE-92768,34488.41,0.0,0.0,1724.42,1724.42,09VQWPS0220H2ZO
3f7ed669-96a7-479f-989c-1d93709031a3,29VOPVG7752E3ZY,Sigma Logistics,2026-02-28,INV/26-27/67404,54436.51,0.0,0.0,15242.22,15242.22,24ZYTRS3638O2ZF
9954dbc9-b6a4-4e7a-959e-8bb4aad21613,33NQMLB2128P2Z1,Alpha Enterprises,2026-01-11,RE-94652,24317.75,0.0,0.0,6808.97,6808.97,27GOCTV9516R3ZG
36534199-3dc5-4009-b6e2-324ebce22d5f,32MIZGW1045V1Z9,Horizon Solutions,2026-03-16,RE-53384,8818.19,0.0,0.0,2469.09,2469.09,33HMOSW5244D2ZR
35586e9e-1f52-4953-b7e3-d75b962939fe,32JTGJQ3646R6ZE,Alpha Industries,2026-01-22,TX-68507,12209.03,0.0,0.0,610.45,610.45,09VQWPS0220H2ZO
a649c4dd-2521-49f7-a4be-6dc94cc6e090,09APIUL9181B7Z0,Trident Enterprises,2026-03-28,QT-26095,81542.77,0.0,0.0,9785.13,9785.13,32JZQOR8720K7ZH
7fd35eed-13fd-45d2-beff-f00993e181c9,09RKTAC2178A9ZT,Infinity Pvt Ltd,2026-03-11,RE-77811,10211.23,0.0,0.0,2859.14,2859.14,19LMSRZ0438H4ZC
198c0391-a58c-464f-a58f-50d956a3ec4d,09RKTAC2178A9ZT,Infinity Pvt Ltd,2026-03-11,RE-77811,10211.23,0.0,0.0,2859.14,2859.14,19LMSRZ0438H4ZC
b82db30a-59bb-4430-a5a3-0406fb0f06db,09RKTAC2178A9ZT,Infinity Pvt Ltd,2026-01-28,INV/26-27/59590,24136.32,0.0,0.0,2896.36,2896.36,32DEMWB8806R1Z5
1d89211f-424b-457b-a3a9-4cd58143004b,24KIJSU5001T1Z5,Sigma Associates,2026-04-08,INV-23475,14899.53,0.0,0.0,744.98,744.98,07FTCJJ3204D7Z5
59f83e14-dd67-4b7e-8675-850219bb9cb3,24KIJSU5001T1Z5,Sigma Associates,2026-03-17,TX-26468,24168.75,0.0,0.0,4350.38,4350.38,32DEMWB8806R1Z5
78cd9dcd-a22e-40a3-aba3-14a11f4196f9,07TREUM7749S6ZK,Horizon Associates,2026-04-21,INV-04142,5967.78,0.0,0.0,1670.98,1670.98,33EMFKB3927O5ZR
d6340f2d-698f-4b3f-9d8c-14e9766f1f5c,24YFPVG6368Z1ZM,Beacon Trading Co,2026-02-04,TX-56451,9437.07,0.0,0.0,2642.38,2642.38,29HEASS9751U5ZW
ae9bfd42-3370-4d5d-97f6-ec1418b78520,19RKWYK9023D9ZD,Horizon Associates,2026-02-10,TX-73696,15954.57,0.0,0.0,4467.28,4467.28,32EHZPO7055Q3Z3
fa793441-64c4-4165-9243-557fce0ff473,19WWLNL7461P5ZL,Nova Trading Co,2026-01-12,INV-03690,5860.32,0.0,0.0,293.02,293.02,29HEASS9751U5ZW
7888d1c6-83bb-446f-98b7-941efbf3e278,07AGMWB4616P7ZF,Horizon Pvt Ltd,2026-04-02,TX-45239,7419.14,0.0,0.0,890.3,890.3,24ZYTRS3638O2ZF
fb469880-203a-4aac-912f-933fd37db1c1,27HHPZM1535R7ZT,Matrix Enterprises,2026-02-13,INV-44250,12784.51,0.0,0.0,3579.66,3579.66,07FTCJJ3204D7Z5
ad542125-9918-42ad-9610-c143dcaa12aa,29YDDCO2672U5ZW,Starlight Solutions,2026-01-06,TX-77069,16435.26,410.88,410.88,0.0,821.76,29KPMGO9618Y5ZL
8c6e4df9-9e33-4e15-b978-064877b63dc4,19SHGDF1571G8ZH,Eclipse Solutions,2026-05-09,QT-65108,37552.23,0.0,0.0,6759.4,6759.4,09VQWPS0220H2ZO
b4fbd886-994d-4804-a411-2a143981911b,19LYXQR1956K7ZI,Beacon Logistics,2026-03-15,RE-28060,9336.22,560.17,560.17,0.0,1120.34,19LMSRZ0438H4ZC
2f18f053-0add-4323-8520-8e382e2f6aac,07AGMWB4616P7ZF,Horizon Pvt Ltd,2026-03-11,RE-44151,80952.28,0.0,0.0,9714.27,9714.27,32EHZPO7055Q3Z3
2f01ddf7-a70e-49d4-b20a-3c89b81653a1,24MLHTC4264V5Z2,Delta Trading Co,2026-05-19,QT-56743,19622.04,0.0,0.0,5494.17,5494.17,29HEASS9751U5ZW
3a47b36f-7f58-40f2-a5bd-76fdb908fe49,29KTLLC3446J2ZP,Apex Services,2026-05-08,INV/26-27/75609,8506.17,1190.86,1190.86,0.0,2381.72,29AHFTR8040G4ZW
d119e3df-eee0-4b25-bf40-116eb4b54a15,19LRJDX0800X6Z8,Beacon Pvt Ltd,2026-02-08,INV/26-27/31507,6625.39,0.0,0.0,331.27,331.27,27GOCTV9516R3ZG
2e3ffcba-75dc-4b14-a5c9-5366671b369f,33NQMLB2128P2Z1,Alpha Enterprises,2026-03-02,INV/26-27/33613,9279.12,0.0,0.0,1113.49,1113.49,29KPMGO9618Y5ZL
1d3286d1-268a-4954-8e60-deef7c94754a,32PYTBX5165B8Z6,Matrix Industries,2026-01-10,TX-55315,56708.12,0.0,0.0,6804.97,6804.97,19LMSRZ0438H4ZC
a7c24417-93af-4a04-93db-53cd7e5b55e2,27RKHBU3568K1Z7,Sigma Logistics,2026-03-18,INV-41145,99771.18,0.0,0.0,17958.81,17958.81,29AHFTR8040G4ZW
8ae8e257-87c0-49fc-ac21-940db4b456be,33MHMKR7789T9Z1,Genesis Pvt Ltd,2026-05-27,INV/26-27/14672,160233.18,0.0,0.0,28841.97,28841.97,24ZYTRS3638O2ZF
89a88bd9-6fe5-43c6-a1e2-1e5b500dbb22,09LSGIX0131G2ZQ,Infinity Services,2026-05-30,QT-43161,290408.07,0.0,0.0,81314.26,81314.26,29WBBWK9550C7ZX
3d2791ed-62f4-46b9-9d93-a35ff1f7a23c,09RKTAC2178A9ZT,Infinity Pvt Ltd,2026-03-07,TX-53527,3499.78,0.0,0.0,174.99,174.99,29FYWIR3942H9ZY
1823b7e5-c575-4293-9d53-0b357c78a5de,09RKTAC2178A9ZT,Infinity Pvt Ltd,2026-05-02,INV/26-27/47579,199020.2,4975.51,4975.51,0.0,9951.02,09TLPJZ1478E3ZR
33df8df4-2f36-43b2-9352-1f1fc8ba2380,09VBEHT5216W7ZH,Trident Associates,2026-03-21,RE-50423,56385.55,3383.13,3383.13,0.0,6766.26,09TLPJZ1478E3ZR
e9e7771c-ce33-41df-bc76-f78499f09f6e,29NNDJB2245J9Z0,Meridian Solutions,2026-03-19,TX-33494,59215.42,0.0,0.0,7105.85,7105.85,24ZYTRS3638O2ZF
6557d36f-39c6-4b0a-91c0-9f1b320264eb,19NCNYB7854A1ZU,Genesis Trading Co,2026-04-15,QT-84467,14977.76,0.0,0.0,4193.77,4193.77,32JZQOR8720K7ZH
f814e5c1-9f79-4b14-90fb-94b427214dcd,29VOPVG7752E3ZY,Sigma Logistics,2026-03-08,INV-21017,11539.28,0.0,0.0,2077.07,2077.07,33DTOUN0309Z5ZF
97efe107-2a0f-463c-b48c-4315e665bf30,19NCNYB7854A1ZU,Genesis Trading Co,2026-04-13,INV/26-27/0404,9665.38,0.0,0.0,483.27,483.27,32JZQOR8720K7ZH
b019d188-ed15-4288-ac4b-227cbd1324d9,07PEESQ9703X4ZS,Nova Solutions,2026-04-26,TX-41865,47802.61,0.0,0.0,8604.47,8604.47,09LVEJR7606R4ZA
f88eb41d-93eb-4513-82cc-ad9272f0f379,19FEGTT6106B5ZS,BlueStar Services,2026-04-07,INV/26-27/51577,68888.97,0.0,0.0,3444.45,3444.45,33BAOPA7000K2ZW
1527c687-b20b-42ac-8101-de577b9473be,32QMUCF6354Q6ZR,Eclipse Services,2026-02-13,QT-91916,45611.47,0.0,0.0,5473.38,5473.38,33HMOSW5244D2ZR
ab13029e-ca1f-49b0-8332-957380555975,09LSGIX0131G2ZQ,Infinity Services,2026-05-15,INV-94187,120894.8,0.0,0.0,33850.54,33850.54,32EHZPO7055Q3Z3
00176e33-b5e3-4e5b-986e-a2861dbc3374,32XEPQM0336F6ZQ,Ascent Associates,2026-05-07,QT-97838,20780.39,0.0,0.0,2493.65,2493.65,29FYWIR3942H9ZY
4cf72ebb-2d1e-467e-9f0f-0ca66c10a549,32XEPQM0336F6ZQ,Ascent Associates,2026-05-07,QT-97838,20780.39,0.0,0.0,2493.65,2493.65,29FYWIR3942H9ZY
69dde316-94bd-4036-a3e4-9b8ef698bbf9,19EFUIW7209C4ZQ,Starlight Enterprises,2026-04-15,TX-23642,9211.14,0.0,0.0,1105.34,1105.34,29HEASS9751U5ZW
9eef56d0-92eb-46ff-bc7b-bc94f159dd5a,33KYRXQ3502N6ZT,Pioneer Associates,2026-02-04,INV-61458,125628.35,7537.7,7537.7,0.0,15075.4,33HMOSW5244D2ZR
0288bd48-f258-416b-9754-56e246a364bb,09VBEHT5216W7ZH,Trident Associates,2026-05-23,INV-12489,15840.45,0.0,0.0,2851.28,2851.28,29WBBWK9550C7ZX
4bec3f66-b6c8-4f88-9d41-b406c0d8d655,09VBEHT5216W7ZH,Trident Associates,2026-05-23,INV-12489,15840.45,0.0,0.0,2851.28,2851.28,29WBBWK9550C7ZX
eac0ae5f-1663-4bd4-a792-d10f91fc6182,19UWKQE9898N1ZB,Eclipse Services,2026-05-10,INV-33248,12686.94,0.0,0.0,2283.65,2283.65,29WBBWK9550C7ZX
fc47883a-c855-454e-b564-0b6ae7686c5d,09OQIDS9990V7ZW,Summit Pvt Ltd,2026-02-13,INV/26-27/34117,8184.94,0.0,0.0,2291.78,2291.78,27OSSKL2871N6ZH
7845ec7b-cc74-455b-a199-b6a5986e4f3c,32KFKXP6873A6ZJ,Genesis Trading Co,2026-04-03,TX-36832,65843.76,0.0,0.0,11851.88,11851.88,27OSSKL2871N6ZH
d34cdf1c-dc22-4b54-9c95-e6125f97a8f4,33OGUBT7836U3ZV,BlueStar Logistics,2026-05-23,TX-19827,123754.19,0.0,0.0,6187.71,6187.71,32JZQOR8720K7ZH
1ca55baa-aed4-4c7e-bda0-37ac5550b860,07OVPDD3878L4ZF,Meridian Industries,2026-02-11,TX-34109,8999.04,0.0,0.0,2519.73,2519.73,32JZQOR8720K7ZH
6a8e7fe8-121b-46ed-ac68-a1cafc5624e3,09LSGIX0131G2ZQ,Infinity Services,2026-02-22,QT-12266,11266.15,1013.95,1013.95,0.0,2027.9,09LVEJR7606R4ZA
8d0b299b-125c-44de-976c-ec8c3b2c2838,09OQIDS9990V7ZW,Summit Pvt Ltd,2026-05-27,INV-68946,78283.07,0.0,0.0,21919.26,21919.26,29FYWIR3942H9ZY
bbc638a4-6b7b-4788-88e4-b71ade2cdbda,33NQMLB2128P2Z1,Alpha Enterprises,2026-04-06,INV-51665,183433.89,0.0,0.0,51361.49,51361.49,29AHFTR8040G4ZW
24de9bd4-a7f6-4db0-9041-7960cdbd8863,29WWWJI7780C4ZI,Delta Industries,2026-04-26,INV-86006,149363.09,8961.79,8961.79,0.0,17923.58,29AHFTR8040G4ZW
30478f7d-f960-467a-a832-b5ed5dc84fd7,27RKHBU3568K1Z7,Sigma Logistics,2026-04-08,INV-71717,12794.05,0.0,0.0,3582.33,3582.33,33DTOUN0309Z5ZF
e23de3db-fc69-45fe-a349-da040d11dbf0,29MBTFR6385C7Z0,Sigma Industries,2026-02-09,TX-37348,24023.76,0.0,0.0,4324.28,4324.28,32JZQOR8720K7ZH
ce505868-00d7-423f-b305-3feee9794bf2,27AHFDG3071M9ZE,Trident Services,2026-04-25,INV/26-27/64176,22225.53,3111.57,3111.57,0.0,6223.14,27GOCTV9516R3ZG
